,label,confidence,link
0,contemporary,0.9903542995452881,https://photos.zillowstatic.com/p_h/ISjjyubu1fkg621000000000.jpg
1,ranch,0.9999943971633911,https://photos.zillowstatic.com/p_h/ISrxiui0nczn7t0000000000.jpg
2,cape_cod,0.989575982093811,https://photos.zillowstatic.com/p_h/ISrllgsc62sfgb1000000000.jpg
3,craftsman,0.9468405842781067,https://photos.zillowstatic.com/p_h/ISblu6t8k48u6u1000000000.jpg
4,contemporary,0.9823821187019348,https://photos.zillowstatic.com/p_h/IS3zfa6is29na81000000000.jpg
5,ranch,0.9999960660934448,https://photos.zillowstatic.com/p_h/ISnmrm0aaz48zg0000000000.jpg
6,italianate,0.43968626856803894,https://photos.zillowstatic.com/p_h/IS3fsyl5duwolm1000000000.jpg
7,ranch,0.49750205874443054,https://photos.zillowstatic.com/p_h/IS3f05gzrbi0051000000000.jpg
8,prairie,0.45921605825424194,https://photos.zillowstatic.com/p_h/ISjzmg1tfije820000000000.jpg
9,craftsman,0.9999971389770508,https://photos.zillowstatic.com/p_h/IS7mgph77vs2wr1000000000.jpg
10,ranch,0.9998798370361328,https://photos.zillowstatic.com/p_h/IS7az34xcpipr21000000000.jpg
11,cape_cod,0.9995884299278259,https://photos.zillowstatic.com/p_h/IS3r9kn6wbhzqo1000000000.jpg
12,prairie,0.45436128973960876,https://photos.zillowstatic.com/p_h/IS37ey96w265hr1000000000.jpg
13,tudor,0.73360276222229,https://photos.zillowstatic.com/p_h/ISjfv1sntega5w0000000000.jpg
14,ranch,0.9926315546035767,https://photos.zillowstatic.com/p_h/ISf4otqtj5q1xv0000000000.jpg
15,colonial,0.9999432563781738,https://photos.zillowstatic.com/p_h/ISnepb41ocao8e1000000000.jpg
16,ranch,0.8985859155654907,https://photos.zillowstatic.com/p_h/ISv8i87q6gjun41000000000.jpg
17,cape_cod,0.7928591370582581,https://photos.zillowstatic.com/p_h/IS7m8vgox7n7x60000000000.jpg
18,farmhouse,0.6171066761016846,https://photos.zillowstatic.com/p_h/IS33b17mp4o4411000000000.jpg
19,craftsman,0.9998145699501038,https://photos.zillowstatic.com/p_h/ISb1nrgk7wcyji1000000000.jpg
20,victorian,0.9634299874305725,https://photos.zillowstatic.com/p_h/ISfkogly28gqrn0000000000.jpg
21,neoclassical__greek_revival,0.9768247008323669,https://photos.zillowstatic.com/p_h/ISvws81i55m88s1000000000.jpg
22,colonial,0.9999996423721313,https://photos.zillowstatic.com/p_h/ISzrvau0avbh3i1000000000.jpg
23,craftsman,0.9974902868270874,https://photos.zillowstatic.com/p_h/IS7avcsuo8q7eo0000000000.jpg
24,oriental,0.5127923488616943,https://photos.zillowstatic.com/p_h/ISuws0vredthav1000000000.jpg
25,neoclassical__greek_revival,0.9902791380882263,https://photos.zillowstatic.com/p_h/IS3jro4i1jyoze1000000000.jpg
26,craftsman,0.9999970197677612,https://photos.zillowstatic.com/p_h/IS729qd4l9ttlt0000000000.jpg
27,ranch,0.9996978044509888,https://photos.zillowstatic.com/p_h/IS76cv6m11gkxf1000000000.jpg
28,ranch,0.9988454580307007,https://photos.zillowstatic.com/p_h/ISf8byg8e0dcpn0000000000.jpg
29,craftsman,1.0,https://photos.zillowstatic.com/p_h/IS7afk3kc6d02x0000000000.jpg
30,contemporary,0.9923902153968811,https://photos.zillowstatic.com/p_h/ISvgoy1j4vpr9c0000000000.jpg
31,victorian,0.8141526579856873,https://photos.zillowstatic.com/p_h/ISjfjsotw25tx51000000000.jpg
32,craftsman,0.9998373985290527,https://photos.zillowstatic.com/p_h/ISrl9f7uo01kns1000000000.jpg
33,colonial,0.7787705063819885,https://photos.zillowstatic.com/p_h/ISzrz9c9d1b00x0000000000.jpg
34,farmhouse,0.811659038066864,https://photos.zillowstatic.com/p_h/ISz74oqirnqpga0000000000.jpg
35,ranch,0.2875228226184845,https://photos.zillowstatic.com/p_h/IS76cr7022qz8h0000000000.jpg
36,craftsman,0.9952757358551025,https://photos.zillowstatic.com/p_h/ISjfbugi5cqyfl1000000000.jpg
37,farmhouse,0.999967098236084,https://photos.zillowstatic.com/p_h/ISnycjhhebiwjo1000000000.jpg
38,pueblo_revival,0.807266891002655,https://photos.zillowstatic.com/p_h/IS7yh2mgqel51n1000000000.jpg
39,cape_cod,0.7334403395652771,https://photos.zillowstatic.com/p_h/ISfkcnmmn2au9m0000000000.jpg
40,farmhouse,0.9348268508911133,https://photos.zillowstatic.com/p_h/ISnehhj2h9zvqn0000000000.jpg
41,ranch,0.998674750328064,https://photos.zillowstatic.com/p_h/ISrlh12b694gm61000000000.jpg
42,cape_cod,0.9999947547912598,https://photos.zillowstatic.com/p_h/ISrh2ffdkb45790000000000.jpg
43,pueblo_revival,0.8421475887298584,https://photos.zillowstatic.com/p_h/ISnycbnwznvimj1000000000.jpg
44,contemporary,0.28318649530410767,https://photos.zillowstatic.com/p_h/IS7mcabhpxv1db0000000000.jpg
45,craftsman,0.512626588344574,https://photos.zillowstatic.com/p_h/IS3zr3p1bfq1vd1000000000.jpg
46,craftsman,0.9975594282150269,https://photos.zillowstatic.com/p_h/ISrtbqzrnsff4r1000000000.jpg
47,cape_cod,0.9991023540496826,https://photos.zillowstatic.com/p_h/ISjfbijcx3og840000000000.jpg
48,farmhouse,0.38694673776626587,https://photos.zillowstatic.com/p_h/ISfc6xrhsfcsp70000000000.jpg
49,cape_cod,0.998865008354187,https://photos.zillowstatic.com/p_h/ISnaatsi49db270000000000.jpg
50,farmhouse,0.3654583990573883,https://photos.zillowstatic.com/p_h/ISb5mxjnui86ok1000000000.jpg
51,farmhouse,0.5240830779075623,https://photos.zillowstatic.com/p_h/ISvw4y4jkx7x540000000000.jpg
52,mediterranean__spanish,0.9652026295661926,https://photos.zillowstatic.com/p_h/ISne9v81hcrxvh0000000000.jpg
53,ranch,0.9988521337509155,https://photos.zillowstatic.com/p_h/IS3fob9drirvkd1000000000.jpg
54,colonial,0.41782474517822266,https://photos.zillowstatic.com/p_h/ISj79r6syzuwx30000000000.jpg
55,contemporary,0.24890762567520142,https://photos.zillowstatic.com/p_h/ISfojfg7umza2u0000000000.jpg
56,colonial,0.41782474517822266,https://photos.zillowstatic.com/p_h/ISrdb3py283ux30000000000.jpg
57,farmhouse,0.987928569316864,https://photos.zillowstatic.com/p_h/IS3fgt972v6p220000000000.jpg
58,pueblo_revival,0.5371730923652649,https://maps.googleapis.com/maps/api/streetview?location=252+Market+St%2C+Bainbridge%2C+PA+17502&size=550x413&key=AIzaSyARFMLB1na-BBWf7_R3-5YOQQaHqEJf6RQ&source=outdoor&&signature=shnqfKn-cQiHnB9dEHkt0wrjmUA=
59,cape_cod,0.9608302116394043,https://photos.zillowstatic.com/p_h/ISfc26k648tyxq1000000000.jpg
60,pueblo_revival,0.5654594302177429,https://photos.zillowstatic.com/p_h/ISzj1arrdzng570000000000.jpg
61,neoclassical__greek_revival,0.9999651908874512,https://photos.zillowstatic.com/p_h/ISvs5000ajedjb0000000000.jpg
62,colonial,0.9803104996681213,https://photos.zillowstatic.com/p_h/ISfsaftv49rlou1000000000.jpg
63,ranch,0.7389639019966125,https://photos.zillowstatic.com/p_h/IS7641e5jmbq280000000000.jpg
64,farmhouse,0.999652624130249,https://photos.zillowstatic.com/p_h/ISvoi3wjzomnd00000000000.jpg
65,pueblo_revival,0.6186466813087463,https://photos.zillowstatic.com/p_h/IS76kt6jcb56kx1000000000.jpg
66,farmhouse,0.9989808201789856,https://photos.zillowstatic.com/p_h/ISz3x7e3qchqk81000000000.jpg
67,ranch,0.272970974445343,https://photos.zillowstatic.com/p_h/ISf0dirkiej2c41000000000.jpg
68,ranch,0.23160916566848755,https://photos.zillowstatic.com/p_h/ISblu2mcjb74od1000000000.jpg
69,pueblo_revival,0.2182786613702774,https://photos.zillowstatic.com/p_h/ISnissivhjl2e41000000000.jpg
70,ranch,0.5342363715171814,https://photos.zillowstatic.com/p_h/ISr904nrug0c7d1000000000.jpg
71,farmhouse,0.9975101947784424,https://photos.zillowstatic.com/p_h/ISf4gbfye5nxzr0000000000.jpg
72,craftsman,0.9179616570472717,https://photos.zillowstatic.com/p_h/ISfw9d6psygcqv1000000000.jpg
73,ranch,0.3434777557849884,https://photos.zillowstatic.com/p_h/ISnqujji6kc8v60000000000.jpg
74,ranch,0.7800331711769104,https://photos.zillowstatic.com/p_h/ISj7xl206tlup10000000000.jpg
75,tudor,0.9824494123458862,https://photos.zillowstatic.com/p_h/ISb1njutd329qk1000000000.jpg
76,mediterranean__spanish,0.5882867574691772,https://photos.zillowstatic.com/p_h/IS7q71o28hwc6b0000000000.jpg
77,contemporary,0.3136442303657532,https://photos.zillowstatic.com/p_h/ISvwcw8rq8rkpi1000000000.jpg
78,pueblo_revival,0.99819415807724,https://photos.zillowstatic.com/p_h/ISfof0e45e3w191000000000.jpg
79,contemporary,0.7214561700820923,https://photos.zillowstatic.com/p_h/ISvs5c9zwlz9v01000000000.jpg
80,cape_cod,0.7624950408935547,https://photos.zillowstatic.com/p_h/ISznsdfvydy6yf0000000000.jpg
81,italianate,0.998551070690155,https://photos.zillowstatic.com/p_h/ISjbodp28xh2t61000000000.jpg
82,pueblo_revival,0.609309196472168,https://photos.zillowstatic.com/p_h/ISjb85s2eiapic0000000000.jpg
83,cape_cod,0.9288409948348999,https://photos.zillowstatic.com/p_h/ISrp8pde2vwftg1000000000.jpg
84,ranch,0.9999985694885254,https://photos.zillowstatic.com/p_h/ISz35q1g43ef7b1000000000.jpg
85,colonial,0.9977933168411255,https://photos.zillowstatic.com/p_h/ISrt7n64mbvjzu1000000000.jpg
86,ranch,0.9991946816444397,https://photos.zillowstatic.com/p_h/ISzvath8hzvuoc1000000000.jpg
87,cape_cod,0.9997771382331848,https://photos.zillowstatic.com/p_h/ISjnlvus73yg5x0000000000.jpg
88,ranch,0.9605263471603394,https://photos.zillowstatic.com/p_h/ISn2sxxgfo47rq1000000000.jpg
89,craftsman,0.9956426620483398,https://photos.zillowstatic.com/p_h/ISj7hxklaem7191000000000.jpg
90,italianate,0.9589143991470337,https://photos.zillowstatic.com/p_h/ISblyxctzi0ibq0000000000.jpg
91,cape_cod,0.7189990878105164,https://photos.zillowstatic.com/p_h/ISvw4yk7qqq4911000000000.jpg
92,italianate,0.9981673955917358,https://photos.zillowstatic.com/p_h/ISfg9qr4s4cvpf1000000000.jpg
93,ranch,0.9424725770950317,https://photos.zillowstatic.com/p_h/ISzfaykclgjr890000000000.jpg
94,italianate,0.9982300400733948,https://photos.zillowstatic.com/p_h/ISzfa67vg9xx101000000000.jpg
95,pueblo_revival,0.9968650937080383,https://photos.zillowstatic.com/p_h/ISvoibaou7s7jo0000000000.jpg
96,italianate,0.7240146994590759,https://photos.zillowstatic.com/p_h/IS7uqq3w1ygstu0000000000.jpg
97,mediterranean__spanish,0.9798604846000671,https://photos.zillowstatic.com/p_h/ISniodknzd08lm1000000000.jpg
98,italianate,0.9808394908905029,https://photos.zillowstatic.com/p_h/ISvg0gjl34oixd0000000000.jpg
99,colonial,0.9999842643737793,https://photos.zillowstatic.com/p_h/ISfwxfcmc577zi1000000000.jpg
100,colonial,0.6758034825325012,https://photos.zillowstatic.com/p_h/ISjff5omvybogj1000000000.jpg
101,colonial,0.7812952995300293,https://maps.googleapis.com/maps/api/streetview?location=353+Poplar+St%2C+Columbia%2C+PA+17512&size=550x413&key=AIzaSyARFMLB1na-BBWf7_R3-5YOQQaHqEJf6RQ&source=outdoor&&signature=2a5fXVYgCdNrj0UKf5TBHgalzpg=
102,pueblo_revival,0.9502066969871521,https://photos.zillowstatic.com/p_h/ISzveowzd18djt0000000000.jpg
103,contemporary,0.988280177116394,https://photos.zillowstatic.com/p_h/ISv0sqlmygcw861000000000.jpg
104,pueblo_revival,0.9624150395393372,https://photos.zillowstatic.com/p_h/IS3nmf56i564k00000000000.jpg
105,italianate,0.5689199566841125,https://photos.zillowstatic.com/p_h/ISjbs0ap61o74m1000000000.jpg
106,pueblo_revival,0.5644538402557373,https://photos.zillowstatic.com/p_h/ISv4v7sayrh20c1000000000.jpg
107,ranch,0.1643250733613968,https://photos.zillowstatic.com/p_h/ISniky9usbvmwn0000000000.jpg
108,pueblo_revival,0.49138641357421875,https://maps.googleapis.com/maps/api/streetview?location=504+Kinderhook+Rd%2C+Columbia%2C+PA+17512&size=550x413&key=AIzaSyARFMLB1na-BBWf7_R3-5YOQQaHqEJf6RQ&source=outdoor&&signature=RnxXAYk6QIQfxF50ayLqV90874Y=
109,pueblo_revival,0.6256890892982483,https://photos.zillowstatic.com/p_h/ISz7w5z2499mi90000000000.jpg
110,pueblo_revival,0.8040502667427063,https://photos.zillowstatic.com/p_h/IS37y55r9fvmk21000000000.jpg
111,pueblo_revival,0.7375858426094055,https://photos.zillowstatic.com/p_h/ISnmzko9z42aew1000000000.jpg
112,victorian,0.9941180944442749,https://photos.zillowstatic.com/p_h/ISjrc3urzrtmrh0000000000.jpg
113,farmhouse,0.9969162940979004,https://photos.zillowstatic.com/p_h/ISfkgmkvp24p5x1000000000.jpg
114,prairie,0.3664713203907013,https://photos.zillowstatic.com/p_h/ISzj5t46yju0rc0000000000.jpg
115,ranch,0.9999953508377075,https://photos.zillowstatic.com/p_h/IS3nygevgxceg21000000000.jpg
116,craftsman,0.968696117401123,https://photos.zillowstatic.com/p_h/ISbtc2w8tt7xo21000000000.jpg
117,neoclassical__greek_revival,0.9624654054641724,https://photos.zillowstatic.com/p_h/ISvkv68o3s265f0000000000.jpg
118,cape_cod,0.9729745388031006,https://photos.zillowstatic.com/p_h/ISjbohwudn07k00000000000.jpg
119,pueblo_revival,0.6174125671386719,https://photos.zillowstatic.com/p_h/ISvgwojo3rux620000000000.jpg
120,prairie,0.3705174922943115,https://photos.zillowstatic.com/p_h/ISvwopru457qa80000000000.jpg
121,pueblo_revival,0.22702467441558838,https://photos.zillowstatic.com/p_h/IS2nuxsehl6fqb1000000000.jpg
122,pueblo_revival,0.7249667644500732,https://photos.zillowstatic.com/p_h/ISfsixg8ncnlyt0000000000.jpg
123,pueblo_revival,0.8907001614570618,https://photos.zillowstatic.com/p_h/IS2fw5ii3hva5s0000000000.jpg
124,pueblo_revival,0.29527270793914795,https://photos.zillowstatic.com/p_h/ISvouoopzkherh0000000000.jpg
125,pueblo_revival,0.3071456253528595,https://photos.zillowstatic.com/p_h/ISn6bnd62fy1o61000000000.jpg
126,craftsman,0.9997003078460693,https://photos.zillowstatic.com/p_h/ISrdjtihwv5cab0000000000.jpg
127,craftsman,0.9996947050094604,https://photos.zillowstatic.com/p_h/ISbph70iuxltne0000000000.jpg
128,craftsman,0.9996947050094604,https://photos.zillowstatic.com/p_h/ISv0kwgsp9s2hf0000000000.jpg
129,pueblo_revival,0.6224052906036377,https://photos.zillowstatic.com/p_h/ISek4tdtogsqhr0000000000.jpg
130,pueblo_revival,0.44686010479927063,https://maps.googleapis.com/maps/api/streetview?location=22+Egret+Cir%2C+Denver%2C+PA+17517&size=550x413&key=AIzaSyARFMLB1na-BBWf7_R3-5YOQQaHqEJf6RQ&source=outdoor&&signature=p1qsnqm-dQtONGovVCh929uipxc=
131,colonial,0.6173335909843445,https://photos.zillowstatic.com/p_h/ISfsavtmin9sy90000000000.jpg
132,ranch,0.982404887676239,https://photos.zillowstatic.com/p_h/IS7arlo2edk3yp1000000000.jpg
133,colonial,0.9998284578323364,https://photos.zillowstatic.com/p_h/ISbxbcaf1pc0vr0000000000.jpg
134,farmhouse,0.7965356111526489,https://photos.zillowstatic.com/p_h/ISvc5xs2wyfmuc1000000000.jpg
135,pueblo_revival,0.3895070254802704,https://photos.zillowstatic.com/p_h/IS7arx1x7hzy0e1000000000.jpg
136,italianate,0.9825349450111389,https://photos.zillowstatic.com/p_h/ISnqiu7vgegnmo1000000000.jpg
137,contemporary,0.9871341586112976,https://photos.zillowstatic.com/p_h/ISbx3mwc3jwuze0000000000.jpg
138,farmhouse,0.7650189995765686,https://photos.zillowstatic.com/p_h/IS76wyeuq8nuor0000000000.jpg
139,cape_cod,0.8447936177253723,https://photos.zillowstatic.com/p_h/IS760q6pbs91ld1000000000.jpg
140,colonial,0.7125799655914307,https://photos.zillowstatic.com/p_h/IS7anuolyyjpqp0000000000.jpg
141,colonial,0.6446208357810974,https://photos.zillowstatic.com/p_h/ISzbb47hyclz0p1000000000.jpg
142,colonial,0.9919735193252563,https://photos.zillowstatic.com/p_h/ISr59soau4d21p1000000000.jpg
143,ranch,0.6435757875442505,https://photos.zillowstatic.com/p_h/IS76oo9pgnxbyp0000000000.jpg
144,ranch,0.8141980767250061,https://photos.zillowstatic.com/p_h/ISrxymv1wg89r70000000000.jpg
145,craftsman,0.9120835065841675,https://photos.zillowstatic.com/p_h/ISrxi6o8qi3vqp0000000000.jpg
146,colonial,0.9843441247940063,https://photos.zillowstatic.com/p_h/ISfgp67s27smqp0000000000.jpg
147,colonial,0.8125415444374084,https://photos.zillowstatic.com/p_h/ISr98y37cgzfto1000000000.jpg
148,craftsman,0.9999779462814331,https://photos.zillowstatic.com/p_h/ISj36ml088rito1000000000.jpg
149,craftsman,0.9999743700027466,https://photos.zillowstatic.com/p_h/IS3b95zfasahsp0000000000.jpg
150,craftsman,0.9999256134033203,https://photos.zillowstatic.com/p_h/ISjz6g64qw451p1000000000.jpg
151,colonial,1.0,https://photos.zillowstatic.com/p_h/IS72puvhcyhut41000000000.jpg
152,craftsman,0.9991809725761414,https://photos.zillowstatic.com/p_h/ISjfru7wjsl6800000000000.jpg
153,colonial,0.9998617172241211,https://photos.zillowstatic.com/p_h/ISbt44oxlow71p1000000000.jpg
154,colonial,0.9998747110366821,https://photos.zillowstatic.com/p_h/ISz3li6fuqbsqp0000000000.jpg
155,colonial,0.9252443909645081,https://photos.zillowstatic.com/p_h/ISr9cxddopzy461000000000.jpg
156,colonial,0.9111403822898865,https://photos.zillowstatic.com/p_h/ISn6rzd72tnp2a0000000000.jpg
157,craftsman,0.9999998807907104,https://photos.zillowstatic.com/p_h/IS3n2s5rhgoa1p1000000000.jpg
158,craftsman,0.9999935626983643,https://photos.zillowstatic.com/p_h/ISv47tg96k2ksp0000000000.jpg
159,colonial,0.8125415444374084,https://photos.zillowstatic.com/p_h/ISrx6thpc3yt241000000000.jpg
160,craftsman,0.979528546333313,https://photos.zillowstatic.com/p_h/ISfc6xrp6u4ip31000000000.jpg
161,craftsman,0.9999576807022095,https://photos.zillowstatic.com/p_h/IS37ar53c9v4bo0000000000.jpg
162,pueblo_revival,0.6515930891036987,https://photos.zillowstatic.com/p_h/ISbdk5bj70umox1000000000.jpg
163,pueblo_revival,0.5790216326713562,https://photos.zillowstatic.com/p_h/ISny02k6yihxvr0000000000.jpg
164,pueblo_revival,0.6515930891036987,https://photos.zillowstatic.com/p_h/ISv8y86it2rfn80000000000.jpg
165,farmhouse,0.827379584312439,https://photos.zillowstatic.com/p_h/IS3blaj8a7qsr70000000000.jpg
166,pueblo_revival,0.9266216158866882,https://photos.zillowstatic.com/p_h/ISbpplsfduscdw1000000000.jpg
167,craftsman,0.9925644993782043,https://photos.zillowstatic.com/p_h/ISblmkmmm6ye0y1000000000.jpg
168,craftsman,0.9999897480010986,https://photos.zillowstatic.com/p_h/IS37uehnsx5xz41000000000.jpg
169,craftsman,0.9999655485153198,https://photos.zillowstatic.com/p_h/ISf8b67q76kuu10000000000.jpg
170,colonial,0.9464739561080933,https://photos.zillowstatic.com/p_h/IS3f0ht5z1e5x41000000000.jpg
171,craftsman,0.9976697564125061,https://photos.zillowstatic.com/p_h/ISrx6hcpbq2xw41000000000.jpg
172,craftsman,0.998721182346344,https://photos.zillowstatic.com/p_h/ISbl2tbc3am2x41000000000.jpg
173,craftsman,0.9955774545669556,https://photos.zillowstatic.com/p_h/ISnics76pkvzx41000000000.jpg
174,mediterranean__spanish,0.6340770125389099,https://photos.zillowstatic.com/p_h/IS3j3uws8i3qdd1000000000.jpg
175,craftsman,0.9752849340438843,https://photos.zillowstatic.com/p_h/ISbtsqlhp9p5da1000000000.jpg
176,colonial,0.9364495277404785,https://photos.zillowstatic.com/p_h/IS7mo3m6f3duy41000000000.jpg
177,craftsman,0.9993603825569153,https://photos.zillowstatic.com/p_h/ISv8y4bzut58x41000000000.jpg
178,craftsman,0.9619255065917969,https://photos.zillowstatic.com/p_h/IS3ne97hg8ix3k0000000000.jpg
179,craftsman,0.999946117401123,https://photos.zillowstatic.com/p_h/ISjr45ui7iuzw41000000000.jpg
180,craftsman,0.9999998807907104,https://photos.zillowstatic.com/p_h/ISn2wsssqlxax41000000000.jpg
181,log,0.9999876022338867,https://photos.zillowstatic.com/p_h/ISjnd90c2miumh1000000000.jpg
182,pueblo_revival,0.9998111128807068,https://photos.zillowstatic.com/p_h/ISj7hxw2wr0p7i1000000000.jpg
183,pueblo_revival,0.9981107711791992,https://photos.zillowstatic.com/p_h/ISny063ob3rvbj1000000000.jpg
184,pueblo_revival,0.9999788999557495,https://photos.zillowstatic.com/p_h/ISzz9b6g3fld5x0000000000.jpg
185,pueblo_revival,0.9999538660049438,https://photos.zillowstatic.com/p_h/ISv8u98lwiy4pe0000000000.jpg
186,pueblo_revival,0.9975634813308716,https://photos.zillowstatic.com/p_h/ISrtbumkw7whbj1000000000.jpg
187,pueblo_revival,0.9992734789848328,https://photos.zillowstatic.com/p_h/IS7qnxfm8gpg7i1000000000.jpg
188,pueblo_revival,0.9753305315971375,https://photos.zillowstatic.com/p_h/ISb9lr1a58j0tn1000000000.jpg
189,pueblo_revival,0.9999997615814209,https://photos.zillowstatic.com/p_h/ISbxzmu00bmlqe0000000000.jpg
190,pueblo_revival,0.9993979930877686,https://photos.zillowstatic.com/p_h/ISzzd65r0g4fbj1000000000.jpg
191,pueblo_revival,0.9999992847442627,https://photos.zillowstatic.com/p_h/ISnycnw3pnz4qe0000000000.jpg
192,pueblo_revival,0.9992208480834961,https://photos.zillowstatic.com/p_h/IS3b5u31kj7qbj1000000000.jpg
193,pueblo_revival,0.9988977909088135,https://photos.zillowstatic.com/p_h/ISfkcf0kobmbtn1000000000.jpg
194,pueblo_revival,0.9960743188858032,https://photos.zillowstatic.com/p_h/ISv43ilufbzsbj1000000000.jpg
195,pueblo_revival,0.9933127760887146,https://photos.zillowstatic.com/p_h/ISnqeriqsju8tn1000000000.jpg
196,pueblo_revival,0.9955822825431824,https://photos.zillowstatic.com/p_h/ISjfn3kg9grxsn1000000000.jpg
197,pueblo_revival,0.9999110698699951,https://photos.zillowstatic.com/p_h/ISj32zc74juiqe0000000000.jpg
198,pueblo_revival,0.9996854066848755,https://photos.zillowstatic.com/p_h/ISr94bvd8r2gqe0000000000.jpg
199,pueblo_revival,0.999925971031189,https://photos.zillowstatic.com/p_h/ISvwg31xwr26tn1000000000.jpg
200,pueblo_revival,0.9999617338180542,https://photos.zillowstatic.com/p_h/ISj3qhjrqyl9cj1000000000.jpg
201,pueblo_revival,0.9998359680175781,https://photos.zillowstatic.com/p_h/ISzfu5k4ze24cj1000000000.jpg
202,pueblo_revival,0.9983750581741333,https://photos.zillowstatic.com/p_h/ISfsytkh7viybj1000000000.jpg
203,pueblo_revival,0.9911173582077026,https://photos.zillowstatic.com/p_h/ISr9st1yu6u6cj1000000000.jpg
204,pueblo_revival,0.9995129108428955,https://photos.zillowstatic.com/p_h/IS3rltieii5fcj1000000000.jpg
205,pueblo_revival,0.9897199273109436,https://photos.zillowstatic.com/p_h/ISzf6ndkczadqe0000000000.jpg
206,pueblo_revival,0.9998811483383179,https://photos.zillowstatic.com/p_h/ISzjllxf48hj7i1000000000.jpg
207,pueblo_revival,0.9999415874481201,https://photos.zillowstatic.com/p_h/ISbxn51lmqdccj1000000000.jpg
208,pueblo_revival,0.9999978542327881,https://photos.zillowstatic.com/p_h/ISrlpf2ndozusn1000000000.jpg
209,pueblo_revival,0.9999700784683228,https://photos.zillowstatic.com/p_h/IS3vc9wpnbku7i1000000000.jpg
210,pueblo_revival,0.9996708631515503,https://photos.zillowstatic.com/p_h/ISb1flewrjsr7i1000000000.jpg
211,pueblo_revival,0.9999871253967285,https://photos.zillowstatic.com/p_h/IS7mwh2b3na1cj1000000000.jpg
212,pueblo_revival,0.9999222755432129,https://photos.zillowstatic.com/p_h/IS33jfj310b3tn1000000000.jpg
213,pueblo_revival,0.9988572597503662,https://photos.zillowstatic.com/p_h/ISzrrrkthw7ssn1000000000.jpg
214,pueblo_revival,0.9956113696098328,https://photos.zillowstatic.com/p_h/ISrdj9f9009m7i1000000000.jpg
215,pueblo_revival,0.9989017248153687,https://photos.zillowstatic.com/p_h/ISbh76m7orfnbj1000000000.jpg
216,pueblo_revival,0.9990665316581726,https://photos.zillowstatic.com/p_h/ISjn9i4esznkbj1000000000.jpg
217,pueblo_revival,0.9999997615814209,https://photos.zillowstatic.com/p_h/IS7m8zvqg7jaqe0000000000.jpg
218,pueblo_revival,0.9997991919517517,https://photos.zillowstatic.com/p_h/ISnik6oad4t6bj1000000000.jpg
219,pueblo_revival,0.9996391534805298,https://photos.zillowstatic.com/p_h/ISvoaxdjj3cx7i1000000000.jpg
220,colonial,0.32515719532966614,https://photos.zillowstatic.com/p_h/IS3jb0rq61uez71000000000.jpg
221,contemporary,0.8537383675575256,https://photos.zillowstatic.com/p_h/ISjr0qnoa64m6p1000000000.jpg
222,ranch,0.9997227787971497,https://photos.zillowstatic.com/p_h/ISj3yn14gx3mcu1000000000.jpg
223,ranch,0.9998812675476074,https://photos.zillowstatic.com/p_h/ISvwwjw42wdy481000000000.jpg
224,contemporary,0.43061670660972595,https://photos.zillowstatic.com/p_h/IS72t5jm9lspga1000000000.jpg
225,cape_cod,0.8926307559013367,https://photos.zillowstatic.com/p_h/IS3jbo1vji8f3t1000000000.jpg
226,cape_cod,0.9983893632888794,https://photos.zillowstatic.com/p_h/ISn67wlrd97vis1000000000.jpg
227,craftsman,0.9994745850563049,https://photos.zillowstatic.com/p_h/ISfkgi5d6ok7s31000000000.jpg
228,ranch,0.9967169165611267,https://photos.zillowstatic.com/p_h/ISnyk5k85m55yy0000000000.jpg
229,craftsman,0.9796750545501709,https://photos.zillowstatic.com/p_h/ISvg04mrsl1k1i1000000000.jpg
230,craftsman,0.6920379996299744,https://photos.zillowstatic.com/p_h/IS3jj2y3q5gw0j0000000000.jpg
231,victorian,0.6464657783508301,https://photos.zillowstatic.com/p_h/ISz74c5ax3xq7o0000000000.jpg
232,tudor,0.9999940395355225,https://photos.zillowstatic.com/p_h/ISbtk0su0ru7lw1000000000.jpg
233,colonial,0.9931623935699463,https://photos.zillowstatic.com/p_h/IS3n6ng30gtza41000000000.jpg
234,cape_cod,0.7509716153144836,https://photos.zillowstatic.com/p_h/ISjjuz88pfql1h1000000000.jpg
235,contemporary,0.9333786368370056,https://photos.zillowstatic.com/p_h/IS7afgohhn0y201000000000.jpg
236,craftsman,0.9999808073043823,https://photos.zillowstatic.com/p_h/ISbd84e38bhmuh1000000000.jpg
237,ranch,0.9999988079071045,https://photos.zillowstatic.com/p_h/ISj7pf0017a0620000000000.jpg
238,italianate,0.9990915060043335,https://photos.zillowstatic.com/p_h/ISvgshft5cs5w91000000000.jpg
239,craftsman,0.9999985694885254,https://photos.zillowstatic.com/p_h/ISne5w613ybgbu1000000000.jpg
240,log,0.9004467725753784,https://photos.zillowstatic.com/p_h/ISrpka6cwexve31000000000.jpg
241,craftsman,0.9999982118606567,https://photos.zillowstatic.com/p_h/ISf83g1ebrfe8n1000000000.jpg
242,italianate,0.9999310970306396,https://photos.zillowstatic.com/p_h/ISjvz3pbmyjfwd1000000000.jpg
243,farmhouse,0.9768165946006775,https://photos.zillowstatic.com/p_h/ISn2oat65ixv6l0000000000.jpg
244,neoclassical__greek_revival,0.6651593446731567,https://photos.zillowstatic.com/p_h/ISv4fnhcbb147t1000000000.jpg
245,cape_cod,0.6079038977622986,https://photos.zillowstatic.com/p_h/ISfkk1r5jwbbw91000000000.jpg
246,pueblo_revival,0.9879710078239441,https://photos.zillowstatic.com/p_h/ISvsd271gri5hp1000000000.jpg
247,craftsman,0.9999970197677612,https://photos.zillowstatic.com/p_h/ISvkzlqv6d00e90000000000.jpg
248,colonial,0.8353528380393982,https://photos.zillowstatic.com/p_h/ISrld6fhqq0x2z0000000000.jpg
249,oriental,0.8246323466300964,https://photos.zillowstatic.com/p_h/ISjvn6btcoa8f90000000000.jpg
250,ranch,0.9364968538284302,https://photos.zillowstatic.com/p_h/ISjbg7f8awu09a0000000000.jpg
251,colonial,0.7908042073249817,https://photos.zillowstatic.com/p_h/ISbxzuo5y4w7x30000000000.jpg
252,pueblo_revival,0.8118054866790771,https://photos.zillowstatic.com/p_h/ISj7dm5vhy1e9k0000000000.jpg
253,oriental,0.8912551999092102,https://photos.zillowstatic.com/p_h/ISz7kswe1wf5k10000000000.jpg
254,farmhouse,0.9997110962867737,https://photos.zillowstatic.com/p_h/ISbxjyko318jm60000000000.jpg
255,cape_cod,0.9305238127708435,https://photos.zillowstatic.com/p_h/ISj36ezl37gjom0000000000.jpg
256,neoclassical__greek_revival,0.7343447208404541,https://photos.zillowstatic.com/p_h/ISf4scc64v93lu0000000000.jpg
257,farmhouse,0.876783549785614,https://photos.zillowstatic.com/p_h/ISbx32hfzy7mom0000000000.jpg
258,craftsman,0.9978419542312622,https://photos.zillowstatic.com/p_h/ISjjy6xuhqftnl0000000000.jpg
259,contemporary,0.7620247006416321,https://photos.zillowstatic.com/p_h/ISybzia8x4ze3d0000000000.jpg
260,craftsman,0.9102094769477844,https://photos.zillowstatic.com/p_h/ISqhql0lldftnd0000000000.jpg
261,craftsman,0.5140659809112549,https://photos.zillowstatic.com/p_h/ISvkb7zx63tcnl0000000000.jpg
262,pueblo_revival,0.8666630983352661,https://photos.zillowstatic.com/p_h/ISfo3fhndiwwzy0000000000.jpg
263,craftsman,0.9999216794967651,https://photos.zillowstatic.com/p_h/ISjvjjistue1el1000000000.jpg
264,ranch,0.9997696280479431,https://photos.zillowstatic.com/p_h/ISjbgraa01nder0000000000.jpg
265,tudor,0.42879247665405273,https://photos.zillowstatic.com/p_h/ISjf7jlr9f7vrp0000000000.jpg
266,pueblo_revival,0.3249087631702423,https://photos.zillowstatic.com/p_h/ISbpxzo05clv7i0000000000.jpg
267,pueblo_revival,0.8812023997306824,https://photos.zillowstatic.com/p_h/IS3b1vhtyse7gb0000000000.jpg
268,art_deco,0.8940539956092834,https://photos.zillowstatic.com/p_h/ISjj2e9wxxnddp1000000000.jpg
269,pueblo_revival,0.9766024947166443,https://photos.zillowstatic.com/p_h/IS729esfamc5dp1000000000.jpg
270,cape_cod,0.9286702871322632,https://photos.zillowstatic.com/p_h/ISn670p0qyv3hi1000000000.jpg
271,ranch,0.8713366389274597,https://photos.zillowstatic.com/p_h/ISnudte51u8teg0000000000.jpg
272,ranch,0.943359375,https://photos.zillowstatic.com/p_h/ISrpod3rhuqr4p0000000000.jpg
273,oriental,0.5495457649230957,https://photos.zillowstatic.com/p_h/ISf48dvt8kuryr1000000000.jpg
274,craftsman,0.9596425890922546,https://photos.zillowstatic.com/p_h/ISrl9fr1ou5pv91000000000.jpg
275,oriental,0.7636184692382812,https://photos.zillowstatic.com/p_h/ISzrbvw83f5gyt1000000000.jpg
276,italianate,0.9991275668144226,https://photos.zillowstatic.com/p_h/ISrh6mv9nah5xb0000000000.jpg
277,pueblo_revival,0.7960267066955566,https://photos.zillowstatic.com/p_h/ISrtz08wwtu23c0000000000.jpg
278,pueblo_revival,0.9901200532913208,https://photos.zillowstatic.com/p_h/ISfw1rn1u510151000000000.jpg
279,pueblo_revival,0.16024428606033325,https://maps.googleapis.com/maps/api/streetview?location=958+Truce+Rd%2C+Holtwood%2C+PA+17532&size=550x413&key=AIzaSyARFMLB1na-BBWf7_R3-5YOQQaHqEJf6RQ&source=outdoor&&signature=pdiBaC2DaIxsLMx-GtSjOCSJNQ8=
280,ranch,0.9918292164802551,https://photos.zillowstatic.com/p_h/ISjv7m8xoiyk880000000000.jpg
281,farmhouse,0.9827593564987183,https://photos.zillowstatic.com/p_h/IS7iptvm8hrug40000000000.jpg
282,colonial,0.9768005609512329,https://photos.zillowstatic.com/p_h/ISb5u7dbv917i80000000000.jpg
283,tudor,0.9999998807907104,https://photos.zillowstatic.com/p_h/ISvg4z8hpoukbq0000000000.jpg
284,colonial,0.9866129755973816,https://photos.zillowstatic.com/p_h/ISzbrsoz4548re1000000000.jpg
285,ranch,0.9465641975402832,https://photos.zillowstatic.com/p_h/ISzj51fzpni85c0000000000.jpg
286,cape_cod,0.8209724426269531,https://photos.zillowstatic.com/p_h/ISz3h3ce0mj0bk0000000000.jpg
287,cape_cod,0.8638248443603516,https://photos.zillowstatic.com/p_h/ISnulbejc21fti1000000000.jpg
288,pueblo_revival,0.42182666063308716,https://photos.zillowstatic.com/p_h/ISblidq9s2mvii1000000000.jpg
289,art_deco,0.9994874000549316,https://photos.zillowstatic.com/p_h/ISfc6do909zh9b1000000000.jpg
290,ranch,0.44610896706581116,https://photos.zillowstatic.com/p_h/ISjvzz1zlyfcsi0000000000.jpg
291,craftsman,0.9999076128005981,https://photos.zillowstatic.com/p_h/IS7euizsm1idae0000000000.jpg
292,craftsman,0.9866216778755188,https://photos.zillowstatic.com/p_h/ISnaqlpnlhg1341000000000.jpg
293,craftsman,0.9997296929359436,https://photos.zillowstatic.com/p_h/ISfo7as3jaaf241000000000.jpg
294,craftsman,0.9999978542327881,https://photos.zillowstatic.com/p_h/ISzjdfnhnrjfy01000000000.jpg
295,craftsman,0.9965793490409851,https://photos.zillowstatic.com/p_h/ISjbgnjq34pf311000000000.jpg
296,craftsman,0.9999977350234985,https://photos.zillowstatic.com/p_h/IS3r12gi3ti4011000000000.jpg
297,farmhouse,0.9810221791267395,https://photos.zillowstatic.com/p_h/ISf83kg8cli2wz0000000000.jpg
298,craftsman,0.9997634291648865,https://photos.zillowstatic.com/p_h/ISvomejcv8i89f0000000000.jpg
299,craftsman,0.8891116380691528,https://photos.zillowstatic.com/p_h/IS7m8zf6i464141000000000.jpg
300,cape_cod,0.5511947274208069,https://photos.zillowstatic.com/p_h/ISnm7b2gg64mu90000000000.jpg
301,craftsman,0.9963770508766174,https://photos.zillowstatic.com/p_h/ISjjiyb04ff1241000000000.jpg
302,tudor,0.9338510036468506,https://photos.zillowstatic.com/p_h/ISfciqizms1e9f0000000000.jpg
303,craftsman,0.999554455280304,https://photos.zillowstatic.com/p_h/ISnetmvwojkn141000000000.jpg
304,colonial,0.5249296426773071,https://photos.zillowstatic.com/p_h/ISrhiz1x7cxc311000000000.jpg
305,farmhouse,0.9811046719551086,https://photos.zillowstatic.com/p_h/ISzzda0ab4jpzc0000000000.jpg
306,cape_cod,0.9986925721168518,https://photos.zillowstatic.com/p_h/IS76sz0tj58f041000000000.jpg
307,craftsman,0.7397413849830627,https://photos.zillowstatic.com/p_h/ISz31bzgaj3z311000000000.jpg
308,ranch,0.7718722224235535,https://photos.zillowstatic.com/p_h/ISfwh3ouv70ay01000000000.jpg
309,craftsman,0.999937891960144,https://photos.zillowstatic.com/p_h/IS7e6onwhtfi211000000000.jpg
310,craftsman,0.9610479474067688,https://photos.zillowstatic.com/p_h/ISvk78hlk1zwvz0000000000.jpg
311,cape_cod,0.9999983310699463,https://photos.zillowstatic.com/p_h/ISjffx5r0dbf341000000000.jpg
312,craftsman,0.9999905824661255,https://photos.zillowstatic.com/p_h/ISrtr2kohi97z01000000000.jpg
313,craftsman,0.9998086094856262,https://photos.zillowstatic.com/p_h/IS33f0pmypc7211000000000.jpg
314,farmhouse,0.7665836215019226,https://photos.zillowstatic.com/p_h/ISrll086be1z111000000000.jpg
315,craftsman,0.9999376535415649,https://photos.zillowstatic.com/p_h/IS3jr8krqvs9441000000000.jpg
316,colonial,0.9999958276748657,https://photos.zillowstatic.com/p_h/ISvkvyd3trsk141000000000.jpg
317,craftsman,0.9999974966049194,https://photos.zillowstatic.com/p_h/ISjvr9cjppem5p0000000000.jpg
318,craftsman,0.9960886240005493,https://photos.zillowstatic.com/p_h/ISj32zwm5ghc141000000000.jpg
319,craftsman,0.9815799593925476,https://photos.zillowstatic.com/p_h/ISv0o7wyi0xlwz0000000000.jpg
320,tudor,0.9915615916252136,https://photos.zillowstatic.com/p_h/ISbdgmttz674241000000000.jpg
321,craftsman,1.0,https://photos.zillowstatic.com/p_h/ISjzyxqd2edq241000000000.jpg
322,tudor,0.9946980476379395,https://photos.zillowstatic.com/p_h/ISf0l818e74i441000000000.jpg
323,farmhouse,0.9989294409751892,https://photos.zillowstatic.com/p_h/ISbdgqsnxjn71e0000000000.jpg
324,oriental,0.9988516569137573,https://photos.zillowstatic.com/p_h/ISjnp6azk9paqw1000000000.jpg
325,craftsman,0.9892991781234741,https://photos.zillowstatic.com/p_h/IS7i5y9xe22i241000000000.jpg
326,craftsman,0.9805677533149719,https://photos.zillowstatic.com/p_h/IS72pyujg34t141000000000.jpg
327,craftsman,0.9946274161338806,https://photos.zillowstatic.com/p_h/ISzzpnimfxzh041000000000.jpg
328,cape_cod,0.9988428354263306,https://photos.zillowstatic.com/p_h/ISfsabycmce1141000000000.jpg
329,ranch,0.9948624968528748,https://photos.zillowstatic.com/p_h/ISv4v31vwh5qi31000000000.jpg
330,ranch,0.9989431500434875,https://photos.zillowstatic.com/p_h/IS721s9k5rkm2f0000000000.jpg
331,contemporary,0.5466477274894714,https://photos.zillowstatic.com/p_h/ISbp17t3x9a0tr0000000000.jpg
332,craftsman,1.0,https://photos.zillowstatic.com/p_h/ISvctzesoldz410000000000.jpg
333,craftsman,0.9993603825569153,https://photos.zillowstatic.com/p_h/ISf0xhw72kxkgb0000000000.jpg
334,art_deco,0.968956708908081,https://photos.zillowstatic.com/p_h/ISrhaxaoi6sodr0000000000.jpg
335,craftsman,0.999946117401123,https://photos.zillowstatic.com/p_h/ISjfr61rop4ifb0000000000.jpg
336,craftsman,0.9999998807907104,https://photos.zillowstatic.com/p_h/IS3zjhu4d7k1hb0000000000.jpg
337,craftsman,0.9999897480010986,https://photos.zillowstatic.com/p_h/ISvwk6i7c1gqfb0000000000.jpg
338,farmhouse,0.9999984502792358,https://photos.zillowstatic.com/p_h/ISzf2k8n3jw3on1000000000.jpg
339,craftsman,0.998721182346344,https://photos.zillowstatic.com/p_h/ISzjpsplq1d4ib0000000000.jpg
340,craftsman,0.9999973773956299,https://photos.zillowstatic.com/p_h/ISnaal648s134k0000000000.jpg
341,craftsman,0.9976697564125061,https://photos.zillowstatic.com/p_h/ISjv76g4no27gb0000000000.jpg
342,craftsman,1.0,https://photos.zillowstatic.com/p_h/ISz7cughv4j1gb0000000000.jpg
343,craftsman,0.999201238155365,https://photos.zillowstatic.com/p_h/IS33ni0eg9onfb0000000000.jpg
344,craftsman,0.9999971389770508,https://photos.zillowstatic.com/p_h/ISbdwqf69aifkb0000000000.jpg
345,colonial,0.9790464639663696,https://photos.zillowstatic.com/p_h/ISfkgihu3lzvfb0000000000.jpg
346,craftsman,0.9983893632888794,https://photos.zillowstatic.com/p_h/ISznstvut3hqgb0000000000.jpg
347,neoclassical__greek_revival,0.9968068599700928,https://photos.zillowstatic.com/p_h/ISjjy2ycdiqckb0000000000.jpg
348,craftsman,0.9752849340438843,https://photos.zillowstatic.com/p_h/IS33rdrq106wlb0000000000.jpg
349,craftsman,0.999616265296936,https://photos.zillowstatic.com/p_h/ISnu18udh6t5b71000000000.jpg
350,colonial,0.999994158744812,https://photos.zillowstatic.com/p_h/ISb91o9alovhsn1000000000.jpg
351,colonial,0.9997550845146179,https://photos.zillowstatic.com/p_h/ISb1r6vsodsotb0000000000.jpg
352,cape_cod,0.5254535675048828,https://photos.zillowstatic.com/p_h/ISzbziak2xholw1000000000.jpg
353,craftsman,0.9986384510993958,https://photos.zillowstatic.com/p_h/IS7ipldn28u2vr1000000000.jpg
354,contemporary,0.3803885281085968,https://photos.zillowstatic.com/p_h/ISb17z3npdrsg51000000000.jpg
355,craftsman,0.8122463226318359,https://photos.zillowstatic.com/p_h/ISrdrrqgqoyoze0000000000.jpg
356,craftsman,0.6800113320350647,https://photos.zillowstatic.com/p_h/IS37m0pxf5ewo31000000000.jpg
357,tudor,0.9969713687896729,https://photos.zillowstatic.com/p_h/IS33zzhg7226o40000000000.jpg
358,victorian,0.9256645441055298,https://photos.zillowstatic.com/p_h/ISvg4rqdowynjg1000000000.jpg
359,craftsman,0.986883819103241,https://photos.zillowstatic.com/p_h/ISyncl6tfcp5ns1000000000.jpg
360,cape_cod,0.7740615606307983,https://photos.zillowstatic.com/p_h/ISma2rdnpvkr9c0000000000.jpg
361,farmhouse,0.9964113831520081,https://photos.zillowstatic.com/p_h/ISnyw6xonot6ci0000000000.jpg
362,craftsman,0.986883819103241,https://photos.zillowstatic.com/p_h/IS2zz9vgakwish1000000000.jpg
363,craftsman,0.9999648332595825,https://photos.zillowstatic.com/p_h/ISal2p8jzlwp7q0000000000.jpg
364,craftsman,0.9645156860351562,https://photos.zillowstatic.com/p_h/ISuw8xa248ckjg1000000000.jpg
365,ranch,1.0,https://photos.zillowstatic.com/p_h/IS7ajvympussc01000000000.jpg
366,victorian,0.4885994791984558,https://photos.zillowstatic.com/p_h/ISjfnn3ldqgtpl1000000000.jpg
367,ranch,0.9998946189880371,https://photos.zillowstatic.com/p_h/ISjzi5a1ufvs3d0000000000.jpg
368,cape_cod,0.9777345061302185,https://photos.zillowstatic.com/p_h/IS37y1m5l7plom0000000000.jpg
369,craftsman,0.6473967432975769,https://photos.zillowstatic.com/p_h/ISnqmh4bemn3601000000000.jpg
370,craftsman,0.998721182346344,https://photos.zillowstatic.com/p_h/IS3v8ycw9axo0i1000000000.jpg
371,colonial,0.9398463368415833,https://photos.zillowstatic.com/p_h/ISvcx2khvilerx1000000000.jpg
372,prairie,0.55425626039505,https://photos.zillowstatic.com/p_h/ISbplq561oo22k1000000000.jpg
373,craftsman,0.9537339806556702,https://photos.zillowstatic.com/p_h/ISbd0adke2v0ds0000000000.jpg
374,colonial,0.7155776619911194,https://photos.zillowstatic.com/p_h/ISbxrslfz4hsjk0000000000.jpg
375,farmhouse,0.9840083122253418,https://photos.zillowstatic.com/p_h/ISv4ndzxiwbv701000000000.jpg
376,craftsman,0.9999998807907104,https://photos.zillowstatic.com/p_h/ISni0bm448flvg1000000000.jpg
377,craftsman,0.9999587535858154,https://photos.zillowstatic.com/p_h/ISnqunulftjlee1000000000.jpg
378,craftsman,0.9966373443603516,https://photos.zillowstatic.com/p_h/IS3nquzuewjtn80000000000.jpg
379,craftsman,0.999984622001648,https://photos.zillowstatic.com/p_h/ISzbrw7tj2ifa30000000000.jpg
380,tudor,0.8129912614822388,https://photos.zillowstatic.com/p_h/ISjfriy865k6cq1000000000.jpg
381,italianate,0.9581668376922607,https://photos.zillowstatic.com/p_h/IS3bl2d2vd70xe0000000000.jpg
382,colonial,0.9744161367416382,https://photos.zillowstatic.com/p_h/ISbdw6gtnips9i0000000000.jpg
383,victorian,0.9895666837692261,https://photos.zillowstatic.com/p_h/IS7u67bta9t8u40000000000.jpg
384,ranch,0.9989755153656006,https://photos.zillowstatic.com/p_h/ISzrn0hxf5fjez0000000000.jpg
385,victorian,0.7642125487327576,https://photos.zillowstatic.com/p_h/ISfk418a83wz990000000000.jpg
386,victorian,0.9761824607849121,https://photos.zillowstatic.com/p_h/ISrxiqza7ncjo91000000000.jpg
387,craftsman,0.9960887432098389,https://photos.zillowstatic.com/p_h/IS6mgt0ldbjotl0000000000.jpg
388,oriental,0.6472403407096863,https://photos.zillowstatic.com/p_h/IS7em00rwlvrjc1000000000.jpg
389,colonial,0.3962426483631134,https://photos.zillowstatic.com/p_h/ISzjd3q7g50ymk0000000000.jpg
390,craftsman,0.9999675750732422,https://photos.zillowstatic.com/p_h/ISzjl1qs1u0eou1000000000.jpg
391,contemporary,0.5749056935310364,https://photos.zillowstatic.com/p_h/ISfgtd7sdwd2hm1000000000.jpg
392,craftsman,0.9999359846115112,https://photos.zillowstatic.com/p_h/ISbp9x6mfyu62o1000000000.jpg
393,contemporary,0.5560032725334167,https://photos.zillowstatic.com/p_h/IS3rhm22jnhihb0000000000.jpg
394,italianate,0.9999328851699829,https://photos.zillowstatic.com/p_h/ISbh374bmgwice0000000000.jpg
395,pueblo_revival,0.39816853404045105,https://photos.zillowstatic.com/p_h/ISrlhd7ns439g51000000000.jpg
396,craftsman,0.9990707635879517,https://photos.zillowstatic.com/p_h/ISjzqfrjykpmmu0000000000.jpg
397,victorian,0.5351347327232361,https://photos.zillowstatic.com/p_h/ISn2o6u4lckbis1000000000.jpg
398,craftsman,0.40610504150390625,https://photos.zillowstatic.com/p_h/ISfwplz9ckui9h1000000000.jpg
399,craftsman,0.9942101240158081,https://photos.zillowstatic.com/p_h/ISf4gbvq3swhq31000000000.jpg
400,colonial,0.5558471083641052,https://photos.zillowstatic.com/p_h/ISnaib81q2kw6r1000000000.jpg
401,craftsman,0.7680936455726624,https://photos.zillowstatic.com/p_h/IS7u6bazdatnud1000000000.jpg
402,farmhouse,0.9351181387901306,https://photos.zillowstatic.com/p_h/IS33btoyc8ju1x1000000000.jpg
403,tudor,0.9768996238708496,https://photos.zillowstatic.com/p_h/ISrhynzfh37xzj1000000000.jpg
404,craftsman,0.9999903440475464,https://photos.zillowstatic.com/p_h/ISf4cs5fxo91o51000000000.jpg
405,log,0.999976396560669,https://photos.zillowstatic.com/p_h/ISzj1e6ekgmqqi0000000000.jpg
406,craftsman,0.9842292070388794,https://photos.zillowstatic.com/p_h/ISf8z8ll3p2xee0000000000.jpg
407,farmhouse,0.9115833640098572,https://photos.zillowstatic.com/p_h/ISz39pzw8uw3xn0000000000.jpg
408,craftsman,0.9985828399658203,https://photos.zillowstatic.com/p_h/ISnmfpiglilvwn0000000000.jpg
409,farmhouse,0.9344212412834167,https://photos.zillowstatic.com/p_h/ISv0sq1jed9r991000000000.jpg
410,craftsman,0.8375542163848877,https://photos.zillowstatic.com/p_h/ISvsh11npqtswn0000000000.jpg
411,craftsman,0.9987062215805054,https://photos.zillowstatic.com/p_h/ISb5mp10y6anwn0000000000.jpg
412,craftsman,0.9968252182006836,https://photos.zillowstatic.com/p_h/IS3f0dy6sxzexn0000000000.jpg
413,victorian,0.9997074007987976,https://photos.zillowstatic.com/p_h/ISnic4dqddih9v1000000000.jpg
414,craftsman,0.999661922454834,https://photos.zillowstatic.com/p_h/ISjr41zj0eg9xn0000000000.jpg
415,craftsman,0.9997497200965881,https://photos.zillowstatic.com/p_h/ISbtcigvomcabb0000000000.jpg
416,craftsman,0.9997497200965881,https://photos.zillowstatic.com/p_h/IS3na6yoke4dbb0000000000.jpg
417,craftsman,0.9999405145645142,https://photos.zillowstatic.com/p_h/ISrx6dhq4mo6xn0000000000.jpg
418,craftsman,0.9989506006240845,https://photos.zillowstatic.com/p_h/ISbl2pgdw58cxn0000000000.jpg
419,craftsman,0.9999958276748657,https://photos.zillowstatic.com/p_h/IS3zjdjtty1qwn0000000000.jpg
420,cape_cod,0.9999390840530396,https://photos.zillowstatic.com/p_h/IS3v86vvfr0vfa1000000000.jpg
421,farmhouse,0.645944356918335,https://photos.zillowstatic.com/p_h/ISn2oqpig9nrbz0000000000.jpg
422,cape_cod,0.9980681538581848,https://photos.zillowstatic.com/p_h/ISvgouue9dzilo0000000000.jpg
423,farmhouse,0.9989244341850281,https://photos.zillowstatic.com/p_h/IS76k5ge0qauyj1000000000.jpg
424,craftsman,0.9990682005882263,https://photos.zillowstatic.com/p_h/ISjbo1k62fikwn0000000000.jpg
425,craftsman,0.9985318183898926,https://photos.zillowstatic.com/p_h/ISfgdd0ahadywn0000000000.jpg
426,ranch,0.283439576625824,https://photos.zillowstatic.com/p_h/ISn2ch6ooq6wuv0000000000.jpg
427,craftsman,0.9992684721946716,https://photos.zillowstatic.com/p_h/ISrxevoay8a57z0000000000.jpg
428,pueblo_revival,0.8918008804321289,https://photos.zillowstatic.com/p_h/ISzrbr5xwpvcaw1000000000.jpg
429,colonial,0.9898014664649963,https://photos.zillowstatic.com/p_h/ISbxrsdluie18g1000000000.jpg
430,craftsman,0.8527731895446777,https://maps.googleapis.com/maps/api/streetview?location=654+Hamaker+Rd%2C+Manheim%2C+PA+17545&size=550x413&key=AIzaSyARFMLB1na-BBWf7_R3-5YOQQaHqEJf6RQ&source=outdoor&&signature=0J1-HKB5i9MbI_OonrSruHufIGw=
431,pueblo_revival,0.9807024598121643,https://photos.zillowstatic.com/p_h/ISf8v9jtz7a2xj1000000000.jpg
432,farmhouse,0.6361883878707886,https://photos.zillowstatic.com/p_h/IS3vk314sivr9k0000000000.jpg
433,victorian,0.5946314334869385,https://photos.zillowstatic.com/p_h/ISfsq3jg2yxc691000000000.jpg
434,tudor,0.9660264849662781,https://photos.zillowstatic.com/p_h/ISjza72edfp2440000000000.jpg
435,farmhouse,0.9992135763168335,https://photos.zillowstatic.com/p_h/IS3zbjujvrrsi50000000000.jpg
436,victorian,0.8433749079704285,https://photos.zillowstatic.com/p_h/ISbhfgfrpkn4sl1000000000.jpg
437,victorian,0.9599183201789856,https://photos.zillowstatic.com/p_h/IS76kprozvpk9l1000000000.jpg
438,farmhouse,0.9827414155006409,https://photos.zillowstatic.com/p_h/ISfw9x13sw5xrc0000000000.jpg
439,craftsman,0.8955618739128113,https://photos.zillowstatic.com/p_h/IS33z3l5oxidjc0000000000.jpg
440,farmhouse,0.618154764175415,https://photos.zillowstatic.com/p_h/ISv04ozk8iwaoc0000000000.jpg
441,craftsman,0.9977941513061523,https://photos.zillowstatic.com/p_h/ISz3t4dp689mxc0000000000.jpg
442,craftsman,0.5364764332771301,https://photos.zillowstatic.com/p_h/ISjn9ux03i7ggc0000000000.jpg
443,craftsman,0.9988634586334229,https://photos.zillowstatic.com/p_h/ISv86vkqtvmafc0000000000.jpg
444,tudor,0.9995360374450684,https://photos.zillowstatic.com/p_h/ISvw4ikoq6axvc0000000000.jpg
445,colonial,0.9949200749397278,https://photos.zillowstatic.com/p_h/ISzrbbd8qkxapc0000000000.jpg
446,farmhouse,0.5102701187133789,https://photos.zillowstatic.com/p_h/ISfs215h34k2nc0000000000.jpg
447,craftsman,0.9999676942825317,https://photos.zillowstatic.com/p_h/IS3v0sqcoaamyc0000000000.jpg
448,craftsman,0.9999994039535522,https://photos.zillowstatic.com/p_h/IS7anqd64zh2lc0000000000.jpg
449,craftsman,0.9959445595741272,https://photos.zillowstatic.com/p_h/ISnep7tdr18xtc0000000000.jpg
450,colonial,0.9868719577789307,https://photos.zillowstatic.com/p_h/ISrhqdeiuws89k0000000000.jpg
451,craftsman,0.8819687962532043,https://photos.zillowstatic.com/p_h/ISnqqktfuqkadc0000000000.jpg
452,craftsman,0.9314324259757996,https://photos.zillowstatic.com/p_h/IS37y902695rbc0000000000.jpg
453,farmhouse,0.9944961667060852,https://photos.zillowstatic.com/p_h/ISb1vdrtl1j2mc0000000000.jpg
454,cape_cod,0.9994298815727234,https://photos.zillowstatic.com/p_h/ISbxjm3vbifzac0000000000.jpg
455,italianate,0.8719956874847412,https://photos.zillowstatic.com/p_h/ISv8yggvgiuyr50000000000.jpg
456,craftsman,0.5365297794342041,https://photos.zillowstatic.com/p_h/ISjnhkfq9z6xsc0000000000.jpg
457,art_deco,0.7822239398956299,https://photos.zillowstatic.com/p_h/ISjbkqw1dm9syh1000000000.jpg
458,craftsman,0.8931078910827637,https://photos.zillowstatic.com/p_h/ISb52aofau4xqc0000000000.jpg
459,craftsman,0.702114462852478,https://photos.zillowstatic.com/p_h/ISbtsm6jhtuerk0000000000.jpg
460,farmhouse,0.770243227481842,https://photos.zillowstatic.com/p_h/ISb9pixf1zj22u0000000000.jpg
461,farmhouse,0.5589285492897034,https://photos.zillowstatic.com/p_h/ISvclhz1p58mwc0000000000.jpg
462,craftsman,0.9999780654907227,https://photos.zillowstatic.com/p_h/ISr5xu61949xuc0000000000.jpg
463,craftsman,0.9984219074249268,https://photos.zillowstatic.com/p_h/IS3ne9ff483gcc0000000000.jpg
464,ranch,0.5272473692893982,https://photos.zillowstatic.com/p_h/ISrtfds0hr8ayv0000000000.jpg
465,craftsman,0.9574992656707764,https://photos.zillowstatic.com/p_h/ISzn0kp9g1u7ec0000000000.jpg
466,ranch,0.9999653100967407,https://photos.zillowstatic.com/p_h/ISv08z6d11564f0000000000.jpg
467,pueblo_revival,0.2398473620414734,https://photos.zillowstatic.com/p_h/ISj7hh0vnt2iys0000000000.jpg
468,contemporary,0.4835447669029236,https://photos.zillowstatic.com/p_h/ISvs1dbe1hmm4x0000000000.jpg
469,ranch,0.300169438123703,https://photos.zillowstatic.com/p_h/ISjvjz2f9nolf11000000000.jpg
470,cape_cod,0.9999949932098389,https://photos.zillowstatic.com/p_h/IS7uex0d68hu640000000000.jpg
471,craftsman,0.9993289709091187,https://photos.zillowstatic.com/p_h/IS3v04k7xaimhk1000000000.jpg
472,ranch,0.9969722032546997,https://photos.zillowstatic.com/p_h/ISrlh942786lg80000000000.jpg
473,colonial,0.9401646852493286,https://photos.zillowstatic.com/p_h/ISnqunaec0l6650000000000.jpg
474,cape_cod,0.8987062573432922,https://photos.zillowstatic.com/p_h/ISr9c5goc2hejc0000000000.jpg
475,ranch,0.9996121525764465,https://photos.zillowstatic.com/p_h/IS7m4cja8u6t7l0000000000.jpg
476,craftsman,0.8057721853256226,https://photos.zillowstatic.com/p_h/ISj3ahoylmhpbk0000000000.jpg
477,colonial,1.0,https://photos.zillowstatic.com/p_h/ISv8qykswj4w6g0000000000.jpg
478,pueblo_revival,0.884427547454834,https://photos.zillowstatic.com/p_h/ISnyo4yp407oqo1000000000.jpg
479,italianate,0.35886314511299133,https://photos.zillowstatic.com/p_h/ISrxyyo04x9nmd1000000000.jpg
480,tudor,0.8769978284835815,https://photos.zillowstatic.com/p_h/ISnepronjxc6381000000000.jpg
481,oriental,0.953689694404602,https://photos.zillowstatic.com/p_h/IS7y12nkcwfa7m1000000000.jpg
482,art_deco,0.9592493772506714,https://photos.zillowstatic.com/p_h/IS3z31by80r4c61000000000.jpg
483,colonial,0.9999681711196899,https://photos.zillowstatic.com/p_h/IS3rdrbxrf7ynk0000000000.jpg
484,craftsman,0.9985594153404236,https://photos.zillowstatic.com/p_h/ISfsmsrowhcgt11000000000.jpg
485,craftsman,0.9991143345832825,https://photos.zillowstatic.com/p_h/ISj3us2dyle3lx1000000000.jpg
486,mediterranean__spanish,0.560062050819397,https://photos.zillowstatic.com/p_h/ISfcaozk6ac7jl0000000000.jpg
487,craftsman,0.9999916553497314,https://photos.zillowstatic.com/p_h/ISrltu4675bcai0000000000.jpg
488,craftsman,0.9999911785125732,https://photos.zillowstatic.com/p_h/IS7mk87vm79fvs0000000000.jpg
489,craftsman,0.9982329607009888,https://photos.zillowstatic.com/p_h/ISf8baabpxsw3u0000000000.jpg
490,cape_cod,0.9753735065460205,https://photos.zillowstatic.com/p_h/ISvkz5ebitnl991000000000.jpg
491,craftsman,0.8492597341537476,https://photos.zillowstatic.com/p_h/ISnedmsht51u3u0000000000.jpg
492,prairie,0.9394828081130981,https://photos.zillowstatic.com/p_h/ISz3l2eq340h920000000000.jpg
493,craftsman,0.9982329607009888,https://photos.zillowstatic.com/p_h/IS729yr4lpkz3u0000000000.jpg
494,craftsman,0.9953966736793518,https://photos.zillowstatic.com/p_h/IS37umnx61i4kt1000000000.jpg
495,prairie,0.9394828081130981,https://photos.zillowstatic.com/p_h/ISjrgeddvnjm920000000000.jpg
496,craftsman,0.8492597341537476,https://photos.zillowstatic.com/p_h/IS3jf3wbqfn6dq0000000000.jpg
497,victorian,0.7585276365280151,https://photos.zillowstatic.com/p_h/IS7eea2pluvr5x1000000000.jpg
498,colonial,0.4026956260204315,https://photos.zillowstatic.com/p_h/ISjvfgtz2erw7r0000000000.jpg
499,craftsman,0.9855237603187561,https://photos.zillowstatic.com/p_h/ISbhv8sk8vd0ru1000000000.jpg
500,colonial,0.9999991655349731,https://photos.zillowstatic.com/p_h/ISfw1vight9xzb0000000000.jpg
501,log,0.992975115776062,https://photos.zillowstatic.com/p_h/ISnu962l1bx58q0000000000.jpg
502,cape_cod,0.9999997615814209,https://photos.zillowstatic.com/p_h/IS3n6fe84sum820000000000.jpg
503,craftsman,0.9999923706054688,https://photos.zillowstatic.com/p_h/IS37i9hupjjxph1000000000.jpg
504,contemporary,0.8092654943466187,https://photos.zillowstatic.com/p_h/ISb5ej3b0rbroj1000000000.jpg
505,oriental,0.804728090763092,https://photos.zillowstatic.com/p_h/ISjb4uki3z2kei0000000000.jpg
506,colonial,0.9983749389648438,https://photos.zillowstatic.com/p_h/IS3jjq8gxxa3wu1000000000.jpg
507,mediterranean__spanish,0.36655235290527344,https://maps.googleapis.com/maps/api/streetview?location=125+Farmington+Way%2C+Mount+Joy%2C+PA+17552&size=550x413&key=AIzaSyARFMLB1na-BBWf7_R3-5YOQQaHqEJf6RQ&source=outdoor&&signature=cvcWAT3mrbIbmCzHShO1LaVOAPk=
508,neoclassical__greek_revival,0.8639426827430725,https://photos.zillowstatic.com/p_h/ISjzqv3chffocw0000000000.jpg
509,farmhouse,0.3088541626930237,https://photos.zillowstatic.com/p_h/ISjvvkjre04r891000000000.jpg
510,colonial,0.8742064237594604,https://photos.zillowstatic.com/p_h/IS3bd88s90zgnx1000000000.jpg
511,craftsman,0.7678935527801514,https://photos.zillowstatic.com/p_h/ISzvm25uwff89h0000000000.jpg
512,craftsman,0.9997078776359558,https://photos.zillowstatic.com/p_h/ISfg1czi6kbrfm1000000000.jpg
513,craftsman,0.9999920129776001,https://photos.zillowstatic.com/p_h/ISnudprcc4wti61000000000.jpg
514,craftsman,0.36355262994766235,https://photos.zillowstatic.com/p_h/ISnq61xh41y2bh0000000000.jpg
515,colonial,0.6202386617660522,https://photos.zillowstatic.com/p_h/ISzbzqs3w3akgv1000000000.jpg
516,craftsman,0.9937815070152283,https://photos.zillowstatic.com/p_h/IS7ydzcww5pts10000000000.jpg
517,craftsman,0.9823618531227112,https://photos.zillowstatic.com/p_h/IS7i17a8lzq5tp1000000000.jpg
518,craftsman,0.9998505115509033,https://photos.zillowstatic.com/p_h/ISb95z8wvsfndv0000000000.jpg
519,craftsman,0.875819206237793,https://photos.zillowstatic.com/p_h/ISvw0b8jnczsdv0000000000.jpg
520,craftsman,0.999906063079834,https://photos.zillowstatic.com/p_h/ISni8hkpmtcn480000000000.jpg
521,craftsman,0.9999991655349731,https://photos.zillowstatic.com/p_h/ISb1f1vfe4tt4u1000000000.jpg
522,craftsman,0.99798583984375,https://photos.zillowstatic.com/p_h/IS768oyb1hd7211000000000.jpg
523,craftsman,0.605026364326477,https://photos.zillowstatic.com/p_h/ISnig7yjubsdsr1000000000.jpg
524,colonial,0.620238721370697,https://photos.zillowstatic.com/p_h/ISvoat2wq1lk480000000000.jpg
525,tudor,0.9526965022087097,https://photos.zillowstatic.com/p_h/ISbp9l9gr3q7de1000000000.jpg
526,craftsman,0.8053194880485535,https://photos.zillowstatic.com/p_h/ISjroom1jz3ly00000000000.jpg
527,tudor,0.9986147880554199,https://photos.zillowstatic.com/p_h/ISn6n0czxym9r51000000000.jpg
528,tudor,0.9577345252037048,https://photos.zillowstatic.com/p_h/ISj79vh79q5lkq0000000000.jpg
529,ranch,0.9989185333251953,https://photos.zillowstatic.com/p_h/ISvgc5b9w6nv3d0000000000.jpg
530,prairie,0.5120891332626343,https://photos.zillowstatic.com/p_h/ISznwsdrjnp6of0000000000.jpg
531,contemporary,0.5587796568870544,https://photos.zillowstatic.com/p_h/ISn2009tc4726w0000000000.jpg
532,craftsman,0.999761164188385,https://photos.zillowstatic.com/p_h/ISjzmcmurrgha51000000000.jpg
533,oriental,0.9424178004264832,https://photos.zillowstatic.com/p_h/ISjbscvdlptza41000000000.jpg
534,craftsman,0.9784024953842163,https://photos.zillowstatic.com/p_h/ISfksjuu52utfw1000000000.jpg
535,log,0.9599802494049072,https://photos.zillowstatic.com/p_h/ISnysrup9jj0tp1000000000.jpg
536,colonial,0.9866207838058472,https://photos.zillowstatic.com/p_h/ISrdz9aem7gz9r1000000000.jpg
537,oriental,0.3349475860595703,https://photos.zillowstatic.com/p_h/ISvspb29aochus1000000000.jpg
538,craftsman,0.8358151912689209,https://photos.zillowstatic.com/p_h/IS3vk7cro9eus60000000000.jpg
539,italianate,0.919111430644989,https://photos.zillowstatic.com/p_h/ISzva9uc1rth9e1000000000.jpg
540,pueblo_revival,0.26451706886291504,https://photos.zillowstatic.com/p_h/ISvc90qxdy600s1000000000.jpg
541,ranch,0.2728177309036255,https://photos.zillowstatic.com/p_h/ISvk7gn3hmd6z40000000000.jpg
542,craftsman,0.47632846236228943,https://photos.zillowstatic.com/p_h/ISz7cyjihmnu5x1000000000.jpg
543,prairie,0.3723556101322174,https://photos.zillowstatic.com/p_h/ISbhr1ssre5rvt1000000000.jpg
544,colonial,0.999982476234436,https://photos.zillowstatic.com/p_h/ISjjyuvpz3zkd31000000000.jpg
545,craftsman,0.999953031539917,https://photos.zillowstatic.com/p_h/ISr55xtevx3qii0000000000.jpg
546,craftsman,0.9752560257911682,https://photos.zillowstatic.com/p_h/ISbt09t1nhnvii0000000000.jpg
547,craftsman,0.4959997832775116,https://photos.zillowstatic.com/p_h/ISnau8aiaty3ji0000000000.jpg
548,ranch,0.8141980767250061,https://photos.zillowstatic.com/p_h/ISfwlmty64vpr70000000000.jpg
549,craftsman,0.9803667664527893,https://photos.zillowstatic.com/p_h/ISjz2lb8rpvsii0000000000.jpg
550,craftsman,0.9994673132896423,https://photos.zillowstatic.com/p_h/IS3nywavi9fyii0000000000.jpg
551,cape_cod,0.6679562926292419,https://photos.zillowstatic.com/p_h/ISfgd1v98r34oa0000000000.jpg
552,italianate,0.9909279942512512,https://photos.zillowstatic.com/p_h/IS3fwhrtzw3ili0000000000.jpg
553,craftsman,0.9998370409011841,https://photos.zillowstatic.com/p_h/IS3n67w8ywh4ft1000000000.jpg
554,craftsman,0.9999980926513672,https://photos.zillowstatic.com/p_h/ISn6zx9lb4zy4w1000000000.jpg
555,victorian,0.9992256164550781,https://photos.zillowstatic.com/p_h/ISfce7hquqca391000000000.jpg
556,prairie,0.6932370066642761,https://photos.zillowstatic.com/p_h/IS7m0x0rz6cgce0000000000.jpg
557,craftsman,0.9988504648208618,https://photos.zillowstatic.com/p_h/ISj7tmwczhaueh1000000000.jpg
558,pueblo_revival,0.4155872166156769,https://photos.zillowstatic.com/p_h/ISni42qwqwk13b0000000000.jpg
559,farmhouse,0.9899780750274658,https://photos.zillowstatic.com/p_h/ISfk0ez4b7dfq01000000000.jpg
560,ranch,0.9999960660934448,https://maps.googleapis.com/maps/api/streetview?location=426+W+Cedar+St%2C+New+Holland%2C+PA+17557&size=550x413&key=AIzaSyARFMLB1na-BBWf7_R3-5YOQQaHqEJf6RQ&source=outdoor&&signature=mDMRjDHs_vYMQj0-Z8ICI488hks=
561,cape_cod,0.9920939803123474,https://photos.zillowstatic.com/p_h/ISv8uh22wpkq411000000000.jpg
562,craftsman,0.9599863886833191,https://photos.zillowstatic.com/p_h/IS3vkr3q9195m10000000000.jpg
563,craftsman,0.9995998740196228,https://photos.zillowstatic.com/p_h/ISb957jtmybjn40000000000.jpg
564,craftsman,0.8884899616241455,https://photos.zillowstatic.com/p_h/ISjvn6blqr1cb01000000000.jpg
565,colonial,0.5333846807479858,https://photos.zillowstatic.com/p_h/ISzfi4zx2iaz8j0000000000.jpg
566,log,0.27147799730300903,https://photos.zillowstatic.com/p_h/ISb9xkkd759tva0000000000.jpg
567,pueblo_revival,0.7366715669631958,https://maps.googleapis.com/maps/api/streetview?location=151+Commerce+Dr%2C+New+Holland%2C+PA+17557&size=550x413&key=AIzaSyARFMLB1na-BBWf7_R3-5YOQQaHqEJf6RQ&source=outdoor&&signature=zAV2gBxdpbv13MCdwmz_8wlLKyU=
568,pueblo_revival,0.5323333740234375,https://photos.zillowstatic.com/p_h/ISvgcx0oegimv70000000000.jpg
569,victorian,0.39218053221702576,https://photos.zillowstatic.com/p_h/ISzz9f1bnyvc4w1000000000.jpg
570,ranch,0.8847346305847168,https://photos.zillowstatic.com/p_h/IS3bhny5vn8evr0000000000.jpg
571,pueblo_revival,0.7334926128387451,https://photos.zillowstatic.com/p_h/ISbh3vur7tbg390000000000.jpg
572,victorian,0.2800825834274292,https://photos.zillowstatic.com/p_h/ISrp03j9i2b2v30000000000.jpg
573,colonial,0.9999969005584717,https://photos.zillowstatic.com/p_h/IS7azb6sgflodh1000000000.jpg
574,cape_cod,0.6711004972457886,https://photos.zillowstatic.com/p_h/ISfw9lg6vgc7fo1000000000.jpg
575,ranch,0.9999986886978149,https://photos.zillowstatic.com/p_h/ISr5tbp7maao0m1000000000.jpg
576,victorian,0.9442728161811829,https://photos.zillowstatic.com/p_h/IS7umr1ckxr7ng0000000000.jpg
577,log,0.38904517889022827,https://photos.zillowstatic.com/p_h/ISqtj4gku8clo31000000000.jpg
578,cape_cod,0.9338269829750061,https://photos.zillowstatic.com/p_h/IS3nam2blox3tx0000000000.jpg
579,ranch,0.9999996423721313,https://photos.zillowstatic.com/p_h/ISn2krblwi0y6n0000000000.jpg
580,contemporary,0.9181341528892517,https://photos.zillowstatic.com/p_h/ISbpd0k1oqgc3t1000000000.jpg
581,craftsman,0.9317662715911865,https://photos.zillowstatic.com/p_h/IS7q3evpj3439p0000000000.jpg
582,pueblo_revival,0.9987753033638,https://photos.zillowstatic.com/p_h/ISrtjcynbd0pnm0000000000.jpg
583,pueblo_revival,0.43148380517959595,https://photos.zillowstatic.com/p_h/IS3na2bohqag6p0000000000.jpg
584,pueblo_revival,0.44233617186546326,https://photos.zillowstatic.com/p_h/IS7ytjzznqr3dn0000000000.jpg
585,pueblo_revival,0.6845012903213501,https://photos.zillowstatic.com/p_h/ISbxrkzcs14cc50000000000.jpg
586,cape_cod,1.0,https://photos.zillowstatic.com/p_h/ISj7pbxa02rw5m1000000000.jpg
587,ranch,0.972162663936615,https://photos.zillowstatic.com/p_h/ISv4zifvrw14ci0000000000.jpg
588,ranch,0.6849793195724487,https://photos.zillowstatic.com/p_h/ISjzqf3hwyojsr0000000000.jpg
589,ranch,0.9999970197677612,https://photos.zillowstatic.com/p_h/ISzvyvzyne87lq0000000000.jpg
590,cape_cod,0.9989011287689209,https://photos.zillowstatic.com/p_h/ISfcm5ppgjd3kx1000000000.jpg
591,cape_cod,0.9999679327011108,https://photos.zillowstatic.com/p_h/ISfwdgzwhnjj4c0000000000.jpg
592,pueblo_revival,0.7280703186988831,https://photos.zillowstatic.com/p_h/ISmep3y6yk9aly0000000000.jpg
593,prairie,0.9992163181304932,https://photos.zillowstatic.com/p_h/IS3v8205fj43670000000000.jpg
594,oriental,0.9535837173461914,https://photos.zillowstatic.com/p_h/ISvs5wkp0sj97d0000000000.jpg
595,farmhouse,0.7897307276725769,https://photos.zillowstatic.com/p_h/ISyveossh429tn1000000000.jpg
596,craftsman,0.9998984336853027,https://photos.zillowstatic.com/p_h/ISvoqpqko4obcv0000000000.jpg
597,ranch,0.24914468824863434,https://photos.zillowstatic.com/p_h/IS3vs5c4sstxzh1000000000.jpg
598,art_deco,0.9996381998062134,https://photos.zillowstatic.com/p_h/IS6y1ewbpdbm5x1000000000.jpg
599,cape_cod,0.9803628325462341,https://photos.zillowstatic.com/p_h/IS27eqj0gt4jge1000000000.jpg
600,ranch,0.3479011654853821,https://photos.zillowstatic.com/p_h/ISv00lmxhqf5hh1000000000.jpg
601,pueblo_revival,0.520879328250885,https://photos.zillowstatic.com/p_h/ISj3q1zch02lq30000000000.jpg
602,farmhouse,0.9999524354934692,https://photos.zillowstatic.com/p_h/ISr9wc3nbifym51000000000.jpg
603,craftsman,0.999997615814209,https://photos.zillowstatic.com/p_h/ISu0kwo6uey3901000000000.jpg
604,pueblo_revival,0.24213357269763947,https://photos.zillowstatic.com/p_h/ISnmrqne4xw8551000000000.jpg
605,oriental,0.3048771321773529,https://photos.zillowstatic.com/p_h/ISfon6chloogr90000000000.jpg
606,oriental,0.3048771321773529,https://photos.zillowstatic.com/p_h/ISr9wkphc3ozmm1000000000.jpg
607,oriental,0.3048771023750305,https://photos.zillowstatic.com/p_h/ISnaalmgs6jj4a1000000000.jpg
608,pueblo_revival,0.9811713695526123,https://photos.zillowstatic.com/p_h/ISjzavcm5rocs01000000000.jpg
609,colonial,0.9983476400375366,https://photos.zillowstatic.com/p_h/ISjzua2c9ne4oi0000000000.jpg
610,tudor,0.393388032913208,https://photos.zillowstatic.com/p_h/IS7m4srzdnsdgr0000000000.jpg
611,colonial,0.9700606465339661,https://photos.zillowstatic.com/p_h/IS337u6irqwo4h0000000000.jpg
612,craftsman,0.8883848786354065,https://photos.zillowstatic.com/p_h/IS372xkk1oem270000000000.jpg
613,pueblo_revival,0.38296765089035034,https://photos.zillowstatic.com/p_h/ISjzy5hbg2hj871000000000.jpg
614,tudor,0.850911557674408,https://photos.zillowstatic.com/p_h/ISvc59ujbbg9v70000000000.jpg
615,craftsman,0.9998313188552856,https://photos.zillowstatic.com/p_h/ISzzt25d0mqeon1000000000.jpg
616,oriental,0.9737867712974548,https://photos.zillowstatic.com/p_h/ISvc59mxkl6o9e1000000000.jpg
617,log,0.7699795961380005,https://photos.zillowstatic.com/p_h/ISz3lii8de9hdd0000000000.jpg
618,farmhouse,0.9980170726776123,https://photos.zillowstatic.com/p_h/ISv4rkb750t3yp0000000000.jpg
619,contemporary,0.9797161817550659,https://photos.zillowstatic.com/p_h/ISvw8tfzlo855c0000000000.jpg
620,pueblo_revival,0.4514429271221161,https://photos.zillowstatic.com/p_h/IS3nel0sduj35g1000000000.jpg
621,art_deco,0.513237476348877,https://photos.zillowstatic.com/p_h/ISrpgz2b7gdz8e1000000000.jpg
622,art_deco,0.513237476348877,https://photos.zillowstatic.com/p_h/ISbdcb2yyzw49e1000000000.jpg
623,art_deco,0.513237476348877,https://photos.zillowstatic.com/p_h/IS37azjruro79e1000000000.jpg
624,art_deco,0.5132378339767456,https://photos.zillowstatic.com/p_h/ISnu5bjemb8d9e1000000000.jpg
625,art_deco,0.5132377743721008,https://photos.zillowstatic.com/p_h/IS7i1ni1evri9e1000000000.jpg
626,art_deco,0.5132378339767456,https://photos.zillowstatic.com/p_h/ISfo3z08i30g9e1000000000.jpg
627,art_deco,0.513237476348877,https://photos.zillowstatic.com/p_h/ISzbza0v9njl9e1000000000.jpg
628,art_deco,0.5132377743721008,https://photos.zillowstatic.com/p_h/ISr5xyho5fbo9e1000000000.jpg
629,ranch,0.9999946355819702,https://photos.zillowstatic.com/p_h/IS76sj0ashj9zx0000000000.jpg
630,craftsman,0.7458876967430115,https://photos.zillowstatic.com/p_h/ISjnxw7ljqdomg0000000000.jpg
631,ranch,0.2962999939918518,https://photos.zillowstatic.com/p_h/ISj7h5fqg2dxz11000000000.jpg
632,ranch,0.2962999939918518,https://photos.zillowstatic.com/p_h/ISrtrmvi4eqkb81000000000.jpg
633,ranch,0.2962999939918518,https://photos.zillowstatic.com/p_h/IS3f48tmq9983h0000000000.jpg
634,ranch,0.2962999939918518,https://photos.zillowstatic.com/p_h/ISnyk11n45x1z50000000000.jpg
635,ranch,0.2962999939918518,https://photos.zillowstatic.com/p_h/ISrltu81eohc4t1000000000.jpg
636,farmhouse,0.9992730021476746,https://photos.zillowstatic.com/p_h/IS7684n5pjzi641000000000.jpg
637,pueblo_revival,0.9880521297454834,https://photos.zillowstatic.com/p_h/ISzrzxak30xnw50000000000.jpg
638,tudor,0.6967971920967102,https://photos.zillowstatic.com/p_h/ISfwdopiate9ea0000000000.jpg
639,tudor,0.9900462031364441,https://photos.zillowstatic.com/p_h/IS760quj3boaj11000000000.jpg
640,prairie,0.9995071887969971,https://photos.zillowstatic.com/p_h/ISbxv316kiyny00000000000.jpg
641,neoclassical__greek_revival,0.9999997615814209,https://photos.zillowstatic.com/p_h/ISzn4zbw51fmw91000000000.jpg
642,contemporary,0.9997736811637878,https://photos.zillowstatic.com/p_h/ISbdsbhu79nnti1000000000.jpg
643,pueblo_revival,0.4488092362880707,https://photos.zillowstatic.com/p_h/ISz31nc79oo1w01000000000.jpg
644,contemporary,0.9971593618392944,https://photos.zillowstatic.com/p_h/IS3fksn0j8y1sd0000000000.jpg
645,ranch,0.3633415400981903,https://photos.zillowstatic.com/p_h/IS72t9aqxso1it1000000000.jpg
646,ranch,0.9999555349349976,https://photos.zillowstatic.com/p_h/ISn67ormnbh8dp1000000000.jpg
647,prairie,0.551758348941803,https://photos.zillowstatic.com/p_h/IS7ajzh8msnx7s1000000000.jpg
648,craftsman,0.4537254273891449,https://photos.zillowstatic.com/p_h/ISfcag50ssvie11000000000.jpg
649,oriental,0.530231773853302,https://photos.zillowstatic.com/p_h/ISjvfc2cbyyskd0000000000.jpg
650,ranch,0.7608832120895386,https://photos.zillowstatic.com/p_h/ISn2s1dnli4xaa1000000000.jpg
651,neoclassical__greek_revival,0.8951988816261292,https://photos.zillowstatic.com/p_h/ISjzumr35oygkc1000000000.jpg
652,mediterranean__spanish,0.6871615052223206,https://photos.zillowstatic.com/p_h/ISnmn7y6xblib61000000000.jpg
653,colonial,0.9519632458686829,https://photos.zillowstatic.com/p_h/ISbx3eqazidfvi1000000000.jpg
654,pueblo_revival,0.6355381011962891,https://photos.zillowstatic.com/p_h/IS7azf1j19d79t0000000000.jpg
655,ranch,0.9999865293502808,https://photos.zillowstatic.com/p_h/ISzbr46d4p0wm50000000000.jpg
656,ranch,0.9998900890350342,https://photos.zillowstatic.com/p_h/IS3z744eogcc231000000000.jpg
657,ranch,0.9999991655349731,https://photos.zillowstatic.com/p_h/ISjjyy2anccsip0000000000.jpg
658,italianate,0.8721397519111633,https://photos.zillowstatic.com/p_h/ISrhahizj5s6li1000000000.jpg
659,craftsman,0.9999845027923584,https://photos.zillowstatic.com/p_h/ISv8e1jzqifttq1000000000.jpg
660,ranch,0.6768411993980408,https://photos.zillowstatic.com/p_h/ISv4z2z7qx8deb0000000000.jpg
661,cape_cod,0.9999611377716064,https://photos.zillowstatic.com/p_h/ISnayzpjom0gb11000000000.jpg
662,contemporary,0.9996960163116455,https://photos.zillowstatic.com/p_h/IS7e68bo6g6l1b0000000000.jpg
663,pueblo_revival,0.9246692657470703,https://photos.zillowstatic.com/p_h/IS7m8rl10z5azd1000000000.jpg
664,cape_cod,0.995250940322876,https://photos.zillowstatic.com/p_h/ISnicsn6w04ge11000000000.jpg
665,oriental,0.3613310158252716,https://photos.zillowstatic.com/p_h/ISv4jut1a7uux10000000000.jpg
666,ranch,0.7395201325416565,https://photos.zillowstatic.com/p_h/ISj32ri65rf71r1000000000.jpg
667,contemporary,0.9955976605415344,https://photos.zillowstatic.com/p_h/ISzfmj58s03fys1000000000.jpg
668,craftsman,0.9999996423721313,https://photos.zillowstatic.com/p_h/ISvwke0n27fy300000000000.jpg
669,victorian,0.7014878988265991,https://photos.zillowstatic.com/p_h/ISnu5n0krmqaqh1000000000.jpg
670,ranch,0.9998134970664978,https://photos.zillowstatic.com/p_h/ISzrrrk1cp4v1i1000000000.jpg
671,craftsman,0.9999984502792358,https://photos.zillowstatic.com/p_h/ISnqm1cmjiebax1000000000.jpg
672,neoclassical__greek_revival,0.4520842134952545,https://photos.zillowstatic.com/p_h/IS72d1p71lh0870000000000.jpg
673,craftsman,0.9286192655563354,https://photos.zillowstatic.com/p_h/ISjzuudqz6bwdb1000000000.jpg
674,ranch,0.9994052648544312,https://photos.zillowstatic.com/p_h/ISb99iesgz2hze0000000000.jpg
675,ranch,0.9998642206192017,https://photos.zillowstatic.com/p_h/IS3vwoxsp25pd40000000000.jpg
676,colonial,0.7333395481109619,https://photos.zillowstatic.com/p_h/ISz78v2kb8ykta0000000000.jpg
677,ranch,0.9999991655349731,https://photos.zillowstatic.com/p_h/IS33f8rxugzhpi1000000000.jpg
678,colonial,0.738647997379303,https://photos.zillowstatic.com/p_h/ISvchuens4o85s1000000000.jpg
679,craftsman,0.7433452606201172,https://photos.zillowstatic.com/p_h/ISzv66d6xy10fc1000000000.jpg
680,cape_cod,0.9996863603591919,https://photos.zillowstatic.com/p_h/ISb9pumntrkkys1000000000.jpg
681,pueblo_revival,0.4847356379032135,https://photos.zillowstatic.com/p_h/ISr5haogj6rs8q0000000000.jpg
682,pueblo_revival,0.4847356379032135,https://photos.zillowstatic.com/p_h/ISvou8o60jk69d0000000000.jpg
683,pueblo_revival,0.4847356379032135,https://photos.zillowstatic.com/p_h/ISzr3tti4tf5oh1000000000.jpg
684,neoclassical__greek_revival,0.6504606008529663,https://photos.zillowstatic.com/p_h/ISzb3igjmgr3dv0000000000.jpg
685,contemporary,0.28431060910224915,https://photos.zillowstatic.com/p_h/ISbhnmlmdfa0hu0000000000.jpg
686,pueblo_revival,0.999842643737793,https://photos.zillowstatic.com/p_h/ISvkjhoq0xltx80000000000.jpg
687,ranch,0.9999994039535522,https://photos.zillowstatic.com/p_h/ISnet6j0nfc06f1000000000.jpg
688,pueblo_revival,0.4732767939567566,https://photos.zillowstatic.com/p_h/ISjbg77igrir7m0000000000.jpg
689,cape_cod,0.9999935626983643,https://photos.zillowstatic.com/p_h/IS3zbvjvqt8pnc1000000000.jpg
690,victorian,0.8786832690238953,https://photos.zillowstatic.com/p_h/ISfk06tyn5lfat0000000000.jpg
691,pueblo_revival,0.8454793691635132,https://photos.zillowstatic.com/p_h/ISzr3xcc3k7ned1000000000.jpg
692,pueblo_revival,0.9661033749580383,https://photos.zillowstatic.com/p_h/ISfwp96fjazuyu1000000000.jpg
693,ranch,0.6947071552276611,https://photos.zillowstatic.com/p_h/ISvwcww1jsh1vq1000000000.jpg
694,pueblo_revival,0.9381833672523499,https://photos.zillowstatic.com/p_h/IS3bpp5rcmszl41000000000.jpg
695,pueblo_revival,0.4521915912628174,https://photos.zillowstatic.com/p_h/ISz3p5fggfywom1000000000.jpg
696,ranch,0.40860167145729065,https://photos.zillowstatic.com/p_h/ISvw46b9rf95940000000000.jpg
697,pueblo_revival,0.9947311878204346,https://photos.zillowstatic.com/p_h/ISjj61avw4m7q80000000000.jpg
698,farmhouse,0.64581698179245,https://photos.zillowstatic.com/p_h/ISzzlsv0iy5gaw0000000000.jpg
699,cape_cod,0.9999736547470093,https://photos.zillowstatic.com/p_h/ISvkncbo32gzj61000000000.jpg
700,colonial,0.9852342009544373,https://photos.zillowstatic.com/p_h/ISfsarivq9xhvn1000000000.jpg
701,ranch,0.9991402626037598,https://photos.zillowstatic.com/p_h/ISvsp7v08mmoae0000000000.jpg
702,pueblo_revival,0.767524003982544,https://photos.zillowstatic.com/p_h/ISz7878k0ov3481000000000.jpg
703,ranch,0.7812624573707581,https://photos.zillowstatic.com/p_h/ISzb7hirqeoqlq0000000000.jpg
704,colonial,0.9927098751068115,https://photos.zillowstatic.com/p_h/IS764t3sn8krc90000000000.jpg
705,ranch,0.49842214584350586,https://photos.zillowstatic.com/p_h/ISvomyi5521p201000000000.jpg
706,colonial,0.9998296499252319,https://photos.zillowstatic.com/p_h/IS7yx2hl0vtb9a0000000000.jpg
707,neoclassical__greek_revival,0.8188439011573792,https://photos.zillowstatic.com/p_h/ISrtvdf3sk32m11000000000.jpg
708,tudor,0.5349448323249817,https://photos.zillowstatic.com/p_h/IS3nmvllpdm45w1000000000.jpg
709,pueblo_revival,0.4604851007461548,https://photos.zillowstatic.com/p_h/ISnqagz4lcx6cd0000000000.jpg
710,craftsman,0.9999873638153076,https://photos.zillowstatic.com/p_h/ISfks3eng71deg0000000000.jpg
711,colonial,0.9815188646316528,https://photos.zillowstatic.com/p_h/ISj3eszxy6u4k30000000000.jpg
712,contemporary,0.6741397976875305,https://photos.zillowstatic.com/p_h/IS7qzqitahmtgo1000000000.jpg
713,contemporary,0.5892558693885803,https://photos.zillowstatic.com/p_h/IS6ylh0tqbic881000000000.jpg
714,craftsman,0.9985471367835999,https://photos.zillowstatic.com/p_h/ISrtr20pw6sapw1000000000.jpg
715,craftsman,0.9996533393859863,https://photos.zillowstatic.com/p_h/ISzv6en3klsrlr0000000000.jpg
716,art_deco,1.0,https://photos.zillowstatic.com/p_h/ISnyo0vch91fp20000000000.jpg
717,craftsman,0.6684078574180603,https://photos.zillowstatic.com/p_h/ISq98izspo9yca1000000000.jpg
718,contemporary,0.9331205487251282,https://photos.zillowstatic.com/p_h/ISjbg77qmt6jdx0000000000.jpg
719,colonial,0.9999328851699829,https://photos.zillowstatic.com/p_h/ISfsi968plekx20000000000.jpg
720,pueblo_revival,0.3835965692996979,https://photos.zillowstatic.com/p_h/ISjrgq21gf8ya81000000000.jpg
721,ranch,0.5661875605583191,https://photos.zillowstatic.com/p_h/ISrhe86fez3g8p1000000000.jpg
722,oriental,0.32216572761535645,https://photos.zillowstatic.com/p_h/IS3z39pm7li4ew1000000000.jpg
723,craftsman,0.9999773502349854,https://photos.zillowstatic.com/p_h/ISb5ak526jnl8p1000000000.jpg
724,craftsman,0.9999921321868896,https://photos.zillowstatic.com/p_h/ISvgwobuisrx8d1000000000.jpg
725,colonial,0.8257525563240051,https://photos.zillowstatic.com/p_h/ISn6n8mknbuth61000000000.jpg
726,ranch,0.2978782653808594,https://photos.zillowstatic.com/p_h/ISr59grwnaf71e1000000000.jpg
727,craftsman,0.9339085221290588,https://photos.zillowstatic.com/p_h/ISjvfkgogsoehn1000000000.jpg
728,cape_cod,0.9998879432678223,https://photos.zillowstatic.com/p_h/IS3jbs05ikux6n1000000000.jpg
729,colonial,0.9999353885650635,https://photos.zillowstatic.com/p_h/ISr5pkh0lzi18t1000000000.jpg
730,colonial,0.9999998807907104,https://photos.zillowstatic.com/p_h/ISnmz40wf8c86h0000000000.jpg
731,craftsman,0.9991926550865173,https://photos.zillowstatic.com/p_h/ISnmzw9qnnbiqi0000000000.jpg
732,colonial,0.9733757972717285,https://photos.zillowstatic.com/p_h/ISvggs3eaba5be0000000000.jpg
733,colonial,0.9999687671661377,https://photos.zillowstatic.com/p_h/ISzrbr98s2emv91000000000.jpg
734,colonial,0.9780827760696411,https://photos.zillowstatic.com/p_h/IS76w6l452m8xm1000000000.jpg
735,colonial,0.9999499320983887,https://photos.zillowstatic.com/p_h/ISvwkegn9d66mk1000000000.jpg
736,craftsman,0.9988498687744141,https://photos.zillowstatic.com/p_h/ISbhrh0mohdadj1000000000.jpg
737,contemporary,0.5049908757209778,https://photos.zillowstatic.com/p_h/ISni4evo57xxpx1000000000.jpg
738,ranch,0.9973905682563782,https://photos.zillowstatic.com/p_h/ISzvqp1mnccku21000000000.jpg
739,farmhouse,0.999897837638855,https://photos.zillowstatic.com/p_h/IS7ue9yuvx5z4e1000000000.jpg
740,ranch,0.9999635219573975,https://photos.zillowstatic.com/p_h/ISrdj9v9rxqk0y0000000000.jpg
741,colonial,1.0,https://photos.zillowstatic.com/p_h/ISf8vxhsg32ps91000000000.jpg
742,colonial,0.9999701976776123,https://photos.zillowstatic.com/p_h/ISr5hub4pv7tgl1000000000.jpg
743,neoclassical__greek_revival,0.47521084547042847,https://photos.zillowstatic.com/p_h/ISfkowl5hd4d4k1000000000.jpg
744,farmhouse,0.8739075660705566,https://photos.zillowstatic.com/p_h/ISj3i7eihvq2ow0000000000.jpg
745,tudor,0.999894380569458,https://photos.zillowstatic.com/p_h/ISb5mdwzon0tna0000000000.jpg
746,mediterranean__spanish,0.9033626317977905,https://photos.zillowstatic.com/p_h/ISvsx185mcuwgm1000000000.jpg
747,craftsman,0.9999996423721313,https://photos.zillowstatic.com/p_h/ISf4gngr33eufr0000000000.jpg
748,tudor,0.9686428904533386,https://photos.zillowstatic.com/p_h/ISf83wdus2e9pv1000000000.jpg
749,pueblo_revival,0.6643296480178833,https://photos.zillowstatic.com/p_h/ISvsp7nqe01bgc1000000000.jpg
750,contemporary,0.5965979695320129,https://photos.zillowstatic.com/p_h/ISnmnvca8yi9m51000000000.jpg
751,log,0.9999924898147583,https://photos.zillowstatic.com/p_h/ISvwskmid60bn91000000000.jpg
752,colonial,0.9963016510009766,https://photos.zillowstatic.com/p_h/ISr1y0hc7md9va1000000000.jpg
753,craftsman,0.8350818157196045,https://photos.zillowstatic.com/p_h/ISbp5qe4kjgqsi0000000000.jpg
754,victorian,0.555260419845581,https://photos.zillowstatic.com/p_h/ISj3y3izncqxkx1000000000.jpg
755,craftsman,0.8820728659629822,https://photos.zillowstatic.com/p_h/ISfg9ue9ek0nlk0000000000.jpg
756,oriental,0.9232559204101562,https://photos.zillowstatic.com/p_h/ISny4djg3bzkj00000000000.jpg
757,tudor,0.23993611335754395,https://photos.zillowstatic.com/p_h/ISjjqkq4hhq6hl1000000000.jpg
758,colonial,0.9993453621864319,https://photos.zillowstatic.com/p_h/ISbt4glfvz9dbj0000000000.jpg
759,cape_cod,0.9999096393585205,https://photos.zillowstatic.com/p_h/ISvo662xvrdwg30000000000.jpg
760,craftsman,0.9999998807907104,https://photos.zillowstatic.com/p_h/ISr5pkhojcp9ts0000000000.jpg
761,tudor,0.9722278118133545,https://photos.zillowstatic.com/p_h/IS3foniw5abgm91000000000.jpg
762,pueblo_revival,0.9827970266342163,https://photos.zillowstatic.com/p_h/ISf8f1im1io2rr1000000000.jpg
763,victorian,0.5264177918434143,https://photos.zillowstatic.com/p_h/ISbl2lt475ey8i0000000000.jpg
764,colonial,0.9999300241470337,https://photos.zillowstatic.com/p_h/ISnupq8wfo75590000000000.jpg
765,prairie,0.9703254103660583,https://photos.zillowstatic.com/p_h/ISrl1xbb0c6c950000000000.jpg
766,craftsman,0.9445279836654663,https://photos.zillowstatic.com/p_h/ISrt3okk3hykvv1000000000.jpg
767,italianate,0.9682682156562805,https://photos.zillowstatic.com/p_h/ISfkc3vz30trmh0000000000.jpg
768,farmhouse,0.5422265529632568,https://photos.zillowstatic.com/p_h/IS33vkfl8l932s0000000000.jpg
769,ranch,0.6308848261833191,https://photos.zillowstatic.com/p_h/ISv0s2r2kwf2590000000000.jpg
770,prairie,0.33320969343185425,https://photos.zillowstatic.com/p_h/IS3vkjdwqv74j30000000000.jpg
771,victorian,0.9746249914169312,https://photos.zillowstatic.com/p_h/ISrd7sdjpmurw10000000000.jpg
772,italianate,0.805914044380188,https://photos.zillowstatic.com/p_h/ISfwlunzpduohr0000000000.jpg
773,contemporary,0.9506297707557678,https://photos.zillowstatic.com/p_h/ISjz21osvft8970000000000.jpg
774,pueblo_revival,0.8058412671089172,https://maps.googleapis.com/maps/api/streetview?location=644+Chiswell+Pl%2C+Lancaster%2C+PA+17601&size=550x413&key=AIzaSyARFMLB1na-BBWf7_R3-5YOQQaHqEJf6RQ&source=outdoor&&signature=fZndtJit1sY584NbCzIpLiTaX70=
775,contemporary,0.9370654225349426,https://photos.zillowstatic.com/p_h/IS7eu2ngscd0zm1000000000.jpg
776,pueblo_revival,0.9495065212249756,https://photos.zillowstatic.com/p_h/ISbx7172nwwfjw0000000000.jpg
777,pueblo_revival,0.3792042136192322,https://photos.zillowstatic.com/p_h/IS6q7lb6q0nkbn0000000000.jpg
778,craftsman,0.7497696876525879,https://photos.zillowstatic.com/p_h/ISyzp3rzzr5uee1000000000.jpg
779,pueblo_revival,0.963803768157959,https://photos.zillowstatic.com/p_h/IS7qrse5wu6ppp1000000000.jpg
780,colonial,0.9994105100631714,https://photos.zillowstatic.com/p_h/ISr9omlhkat80v1000000000.jpg
781,pueblo_revival,0.44801831245422363,https://photos.zillowstatic.com/p_h/IS7itkroprc45o0000000000.jpg
782,contemporary,0.9370654225349426,https://photos.zillowstatic.com/p_h/IS3f489vnnrtdj1000000000.jpg
783,contemporary,0.7555550932884216,https://photos.zillowstatic.com/p_h/ISfsu2d6v4pdhm1000000000.jpg
784,pueblo_revival,0.2602398991584778,https://photos.zillowstatic.com/p_h/ISbp1zujgso7mw0000000000.jpg
785,ranch,0.9999107122421265,https://photos.zillowstatic.com/p_h/ISfojj7b69bz2j0000000000.jpg
786,contemporary,0.7555550932884216,https://photos.zillowstatic.com/p_h/ISnigfgz0ezlgm1000000000.jpg
787,contemporary,0.7555550336837769,https://photos.zillowstatic.com/p_h/IS3rh2b36sbuhm1000000000.jpg
788,cape_cod,0.803633451461792,https://photos.zillowstatic.com/p_h/IS7mcyxqaawasb0000000000.jpg
789,ranch,1.0,https://photos.zillowstatic.com/p_h/ISfwl2mvzdwsuk0000000000.jpg
790,ranch,0.999996542930603,https://photos.zillowstatic.com/p_h/ISrdbzdzgdbeku0000000000.jpg
791,craftsman,0.7369704246520996,https://photos.zillowstatic.com/p_h/ISb95refgfj50x1000000000.jpg
792,cape_cod,0.6027538180351257,https://photos.zillowstatic.com/p_h/ISf8biobhl3oul1000000000.jpg
793,oriental,0.8340652585029602,https://photos.zillowstatic.com/p_h/ISfc69dygan9rs0000000000.jpg
794,victorian,0.9999961853027344,https://photos.zillowstatic.com/p_h/IS3r1ice6n8u2z0000000000.jpg
795,farmhouse,0.9999969005584717,https://photos.zillowstatic.com/p_h/ISrtvlhyjheb721000000000.jpg
796,farmhouse,0.9510968923568726,https://photos.zillowstatic.com/p_h/IS72t1ksrkkhu21000000000.jpg
797,victorian,0.9821140170097351,https://photos.zillowstatic.com/p_h/IS7ua2uv2qro440000000000.jpg
798,colonial,0.996726393699646,https://photos.zillowstatic.com/p_h/ISzbnxdrhivlrj1000000000.jpg
799,victorian,0.5432498455047607,https://photos.zillowstatic.com/p_h/ISbhvsnivgbpnp1000000000.jpg
800,victorian,0.9239256381988525,https://photos.zillowstatic.com/p_h/ISrpkmvnnjjvi51000000000.jpg
801,neoclassical__greek_revival,0.4355679452419281,https://photos.zillowstatic.com/p_h/ISzfygz22ynbic0000000000.jpg
802,contemporary,0.7644559741020203,https://photos.zillowstatic.com/p_h/ISrlhlxkulzhbl1000000000.jpg
803,art_deco,0.6368417739868164,https://photos.zillowstatic.com/p_h/ISjjq4qd3thle91000000000.jpg
804,colonial,0.9996217489242554,https://photos.zillowstatic.com/p_h/IS7idsy26tbtx01000000000.jpg
805,farmhouse,0.9819970726966858,https://photos.zillowstatic.com/p_h/ISj3qdklbaufv00000000000.jpg
806,italianate,0.9985696077346802,https://photos.zillowstatic.com/p_h/ISjzuikrjshnal1000000000.jpg
807,contemporary,0.949396014213562,https://photos.zillowstatic.com/p_h/ISzzd69utjmhys1000000000.jpg
808,italianate,0.4868888556957245,https://photos.zillowstatic.com/p_h/ISfsi1wqikisdl0000000000.jpg
809,craftsman,0.9765045642852783,https://photos.zillowstatic.com/p_h/ISzz5k2crwo8qc1000000000.jpg
810,cape_cod,0.5569981336593628,https://photos.zillowstatic.com/p_h/ISbx7995hsy9v61000000000.jpg
811,tudor,0.7550487518310547,https://photos.zillowstatic.com/p_h/ISrt3453s5cn780000000000.jpg
812,italianate,0.9999961853027344,https://photos.zillowstatic.com/p_h/ISzr7w2r00q5ih0000000000.jpg
813,victorian,0.7100576758384705,https://photos.zillowstatic.com/p_h/IS3rxie9bfsbcn1000000000.jpg
814,victorian,0.9993312358856201,https://photos.zillowstatic.com/p_h/ISr1y0h0im36jp0000000000.jpg
815,cape_cod,0.3244416117668152,https://photos.zillowstatic.com/p_h/ISzrnwlehe2mfh1000000000.jpg
816,victorian,0.999664306640625,https://photos.zillowstatic.com/p_h/ISrtzwoqgj1d511000000000.jpg
817,contemporary,0.8294658660888672,https://photos.zillowstatic.com/p_h/IS7a33m54qy7m60000000000.jpg
818,italianate,0.4423871636390686,https://photos.zillowstatic.com/p_h/IS3fsid46qm0ax0000000000.jpg
819,neoclassical__greek_revival,0.5672042369842529,https://photos.zillowstatic.com/p_h/ISzz9zc1vvc6fa1000000000.jpg
820,mediterranean__spanish,0.9119819402694702,https://photos.zillowstatic.com/p_h/ISrlh9kq08mxmk1000000000.jpg
821,italianate,0.9380195140838623,https://photos.zillowstatic.com/p_h/ISjbo5rmyjzpwk0000000000.jpg
822,pueblo_revival,0.259310245513916,https://photos.zillowstatic.com/p_h/ISv0wdq8e9zase1000000000.jpg
823,victorian,0.9376026391983032,https://photos.zillowstatic.com/p_h/IS76cf6fror3di1000000000.jpg
824,ranch,0.9973810315132141,https://photos.zillowstatic.com/p_h/ISjbo146zvbfti1000000000.jpg
825,italianate,0.5356890559196472,https://photos.zillowstatic.com/p_h/ISn2wohlehq1e80000000000.jpg
826,colonial,0.9995762705802917,https://photos.zillowstatic.com/p_h/ISnayfy4f5lzaw0000000000.jpg
827,victorian,0.6087209582328796,https://photos.zillowstatic.com/p_h/ISfof8sw2bpb3s0000000000.jpg
828,cape_cod,0.7721449136734009,https://photos.zillowstatic.com/p_h/ISzrbz7w7of6f20000000000.jpg
829,colonial,0.5980277061462402,https://photos.zillowstatic.com/p_h/ISj32flobqf3e70000000000.jpg
830,cape_cod,0.9863800406455994,https://photos.zillowstatic.com/p_h/ISfw52f51565zl0000000000.jpg
831,colonial,0.9952335953712463,https://photos.zillowstatic.com/p_h/ISnqiy22uacm5x1000000000.jpg
832,contemporary,0.9911367893218994,https://photos.zillowstatic.com/p_h/ISvwkma0mlpyn01000000000.jpg
833,italianate,0.9919935464859009,https://photos.zillowstatic.com/p_h/ISb91k2ynv45vb1000000000.jpg
834,contemporary,0.9979690909385681,https://photos.zillowstatic.com/p_h/ISbp9lxeej8z160000000000.jpg
835,colonial,1.0,https://photos.zillowstatic.com/p_h/ISzz9ra6zhnzrt0000000000.jpg
836,contemporary,0.8669340014457703,https://photos.zillowstatic.com/p_h/ISzzhtp59k0y1n0000000000.jpg
837,pueblo_revival,0.278575599193573,https://photos.zillowstatic.com/p_h/ISbleijkmbztde1000000000.jpg
838,colonial,0.575751006603241,https://photos.zillowstatic.com/p_h/ISz3lun4bwsoo60000000000.jpg
839,tudor,0.31902819871902466,https://photos.zillowstatic.com/p_h/IS3bhbhcjjjbc21000000000.jpg
840,ranch,0.6797823309898376,https://photos.zillowstatic.com/p_h/ISbh335l32o98d0000000000.jpg
841,contemporary,0.7670397162437439,https://photos.zillowstatic.com/p_h/IS3zj1amc9rzfm1000000000.jpg
842,mediterranean__spanish,0.49019160866737366,https://photos.zillowstatic.com/p_h/ISjbscz4xlrn2t0000000000.jpg
843,italianate,0.964236319065094,https://photos.zillowstatic.com/p_h/ISfwtkxim4novg0000000000.jpg
844,ranch,0.9999988079071045,https://photos.zillowstatic.com/p_h/IS7qfv0rx91wbg1000000000.jpg
845,ranch,0.9999998807907104,https://photos.zillowstatic.com/p_h/IS76czhh46o34l1000000000.jpg
846,contemporary,0.7634059190750122,https://photos.zillowstatic.com/p_h/ISnaewh7w9wgfh0000000000.jpg
847,contemporary,0.3235020041465759,https://photos.zillowstatic.com/p_h/ISbto7cm645juw1000000000.jpg
848,colonial,0.8477275967597961,https://photos.zillowstatic.com/p_h/ISvs9jdm4h44l01000000000.jpg
849,colonial,0.9826074242591858,https://photos.zillowstatic.com/p_h/ISfksj6w6bwd1x1000000000.jpg
850,ranch,0.9934420585632324,https://photos.zillowstatic.com/p_h/ISvoyrpbdg6ki01000000000.jpg
851,cape_cod,0.544660747051239,https://photos.zillowstatic.com/p_h/ISvkr3bp6031b01000000000.jpg
852,victorian,0.9999998807907104,https://photos.zillowstatic.com/p_h/IS7i91bjc3jsmk0000000000.jpg
853,italianate,0.5067754983901978,https://photos.zillowstatic.com/p_h/IS7uudc1zvrfng1000000000.jpg
854,contemporary,0.9649164080619812,https://photos.zillowstatic.com/p_h/IS3zb7hhz0zyo81000000000.jpg
855,neoclassical__greek_revival,0.9934535026550293,https://photos.zillowstatic.com/p_h/IS3v04wcp3ap8k0000000000.jpg
856,oriental,0.4347343444824219,https://photos.zillowstatic.com/p_h/ISvg0c8ujay9xq0000000000.jpg
857,ranch,0.9999951124191284,https://photos.zillowstatic.com/p_h/ISz7kwrpdccegx1000000000.jpg
858,tudor,0.5716221928596497,https://photos.zillowstatic.com/p_h/ISvg0kate455p11000000000.jpg
859,farmhouse,0.43182721734046936,https://photos.zillowstatic.com/p_h/ISr98ijgx5h84k0000000000.jpg
860,contemporary,0.9762263894081116,https://photos.zillowstatic.com/p_h/ISz3ppux3g01kf0000000000.jpg
861,prairie,0.7882465720176697,https://photos.zillowstatic.com/p_h/IS7yx2pzo93tdl1000000000.jpg
862,contemporary,0.9850416779518127,https://photos.zillowstatic.com/p_h/ISzjpk37qnam7x1000000000.jpg
863,pueblo_revival,0.7958757281303406,https://photos.zillowstatic.com/p_h/ISrl1lqm9si3pf1000000000.jpg
864,italianate,0.6060560941696167,https://photos.zillowstatic.com/p_h/IS7ydry3bsgyev0000000000.jpg
865,victorian,0.8643718957901001,https://photos.zillowstatic.com/p_h/ISv001n09fw7yg0000000000.jpg
